ISO-10303-21;
HEADER;
FILE_DESCRIPTION (( 'STEP AP214' ),
    '1' );
FILE_NAME ('single blade fan.STEP',
    '2026-05-15T23:14:15',
    ( '' ),
    ( '' ),
    'SwSTEP 2.0',
    'SolidWorks 2025',
    '' );
FILE_SCHEMA (( 'AUTOMOTIVE_DESIGN' ));
ENDSEC;

DATA;
#1 = CARTESIAN_POINT ( 'NONE',  ( 34.99907015155983458, 28.66186511024758232, 0.2853157794546980486 ) ) ;
#2 = CARTESIAN_POINT ( 'NONE',  ( 75.75256741573443264, 1.804802149954270130, -7.669715948889856527 ) ) ;
#3 = B_SPLINE_CURVE_WITH_KNOTS ( 'NONE', 3,
 ( #1272, #332, #745, #865 ),
 .UNSPECIFIED., .F., .F.,
 ( 4, 4 ),
 ( 1.084202172485504434E-19, 0.0003617317138710413374 ),
 .UNSPECIFIED. ) ;
#4 = CARTESIAN_POINT ( 'NONE',  ( 35.95823861846352543, 12.09871032942642977, 2.671548830724875589 ) ) ;
#5 = AXIS2_PLACEMENT_3D ( 'NONE', #760, #1416, #1038 ) ;
#6 = CARTESIAN_POINT ( 'NONE',  ( 125.0000000000000000, 1.280432185357972319, -3.748472122172665344 ) ) ;
#7 = CARTESIAN_POINT ( 'NONE',  ( 34.00000000000000711, 2.187500000000041744, 0.9499177595981913580 ) ) ;
#8 = CARTESIAN_POINT ( 'NONE',  ( 36.12208520794700917, 25.82476906594898836, 0.8779442407048564379 ) ) ;
#9 = CARTESIAN_POINT ( 'NONE',  ( 36.31081108580126227, 28.26822159322563621, 1.921291345868275435 ) ) ;
#10 = CARTESIAN_POINT ( 'NONE',  ( 35.98844175214024688, 2.296704115191809059, 0.7318817503514342127 ) ) ;
#11 = CARTESIAN_POINT ( 'NONE',  ( 43.08102969102188240, 3.598983889011746040, 2.077649099398789723 ) ) ;
#12 = CARTESIAN_POINT ( 'NONE',  ( 97.41172055512741679, 2.204603242914750627, 1.487976673433337504 ) ) ;
#13 = CARTESIAN_POINT ( 'NONE',  ( 35.00000000000000711, 1.396872808273904365, -0.4908017573255109012 ) ) ;
#14 = CARTESIAN_POINT ( 'NONE',  ( 34.00000000000000711, 2.385212153386904177, 0.3489248450682035374 ) ) ;
#15 = CARTESIAN_POINT ( 'NONE',  ( 35.00000000000000711, 24.16280949490191787, 9.411114730408299351E-15 ) ) ;
#16 = CARTESIAN_POINT ( 'NONE',  ( 35.13690759007172204, 1.822656612679193877, -0.1416162718593058367 ) ) ;
#17 = ORIENTED_EDGE ( 'NONE', *, *, #1514, .T. ) ;
#18 = CARTESIAN_POINT ( 'NONE',  ( 75.74524702680457722, 5.402042834880679045, -5.765387025111121666 ) ) ;
#19 = CARTESIAN_POINT ( 'NONE',  ( 36.18431699428161608, 27.02867093822178646, 0.8731745122929863712 ) ) ;
#20 = CARTESIAN_POINT ( 'NONE',  ( 35.34072610364861333, 1.118753176654895043, 1.262305376348534569 ) ) ;
#21 = CARTESIAN_POINT ( 'NONE',  ( 56.04070611629922638, 1.022149838059523308, -6.701595046428758806 ) ) ;
#22 = CARTESIAN_POINT ( 'NONE',  ( 35.00000000000001421, 19.94374758474475584, 3.834799836603772327 ) ) ;
#23 = EDGE_LOOP ( 'NONE', ( #406, #154, #1474, #44, #1339, #1366 ) ) ;
#24 = ORIENTED_EDGE ( 'NONE', *, *, #1221, .F. ) ;
#25 = CARTESIAN_POINT ( 'NONE',  ( 56.03579452201534394, 3.019578716441845501, -7.209673521736066348 ) ) ;
#26 = CARTESIAN_POINT ( 'NONE',  ( 35.00000000000000711, 0.000000000000000000, 0.000000000000000000 ) ) ;
#27 = CARTESIAN_POINT ( 'NONE',  ( 75.73843157384563085, 11.20778262060777841, -4.137408238539597605 ) ) ;
#28 = CARTESIAN_POINT ( 'NONE',  ( 35.00278229678949771, 1.076484854526198687, 0.2801835578841964658 ) ) ;
#29 = CARTESIAN_POINT ( 'NONE',  ( 125.0000000000000000, 1.337820444277224574, -3.073800531321214002 ) ) ;
#30 = CARTESIAN_POINT ( 'NONE',  ( 125.0000000000000000, 1.334140282293125646, -3.074136298634082110 ) ) ;
#31 = CARTESIAN_POINT ( 'NONE',  ( 62.48120109169840930, 25.66566134585972847, 4.408133161125659782 ) ) ;
#32 = ORIENTED_EDGE ( 'NONE', *, *, #1670, .F. ) ;
#33 = CARTESIAN_POINT ( 'NONE',  ( 43.09493937986601964, 1.923242247843451880, 1.539993938952456842 ) ) ;
#34 = EDGE_CURVE ( 'NONE', #1614, #927, #1083, .T. ) ;
#35 = CARTESIAN_POINT ( 'NONE',  ( 125.0000000000000000, 24.42138815616648984, 15.30931886582871471 ) ) ;
#36 = CARTESIAN_POINT ( 'NONE',  ( 97.43850048331447056, 13.47633808904066832, 8.255055675089122857 ) ) ;
#37 = CARTESIAN_POINT ( 'NONE',  ( 34.75837828485882852, 10.25918976640844882, 4.443262580639490977 ) ) ;
#38 = CARTESIAN_POINT ( 'NONE',  ( 97.41118974931373486, 0.6842615836657177653, 1.406017991183067029 ) ) ;
#39 = CARTESIAN_POINT ( 'NONE',  ( 34.00000000000002842, 23.07215093901852399, 2.211852223688945074 ) ) ;
#40 = CARTESIAN_POINT ( 'NONE',  ( 96.13288797886863790, 24.61979188665021567, 13.63725135400973265 ) ) ;
#41 = CARTESIAN_POINT ( 'NONE',  ( 36.29659816762606539, 19.86515478556471948, 3.373925547360054011 ) ) ;
#42 = CARTESIAN_POINT ( 'NONE',  ( 75.76276534696299336, 24.83312555836947055, 2.714019371518240131 ) ) ;
#43 = VERTEX_POINT ( 'NONE', #413 ) ;
#44 = ORIENTED_EDGE ( 'NONE', *, *, #836, .T. ) ;
#45 = CARTESIAN_POINT ( 'NONE',  ( 43.05587399631912859, 9.753477327254142182, 3.388751652035571382 ) ) ;
#46 = B_SPLINE_CURVE_WITH_KNOTS ( 'NONE', 3,
 ( #848, #1237, #315, #686, #433, #1076, #47, #707 ),
 .UNSPECIFIED., .F., .F.,
 ( 4, 1, 1, 1, 1, 4 ),
 ( 0.02591931570017008343, 0.06529055286195016572, 0.2354486167818587439, 0.4509168125772553548, 0.6769853571174412332, 1.000000000000000000 ),
 .UNSPECIFIED. ) ;
#47 = CARTESIAN_POINT ( 'NONE',  ( 114.9456594264839566, 1.122666261369426710, -1.218959169118020158 ) ) ;
#48 = CARTESIAN_POINT ( 'NONE',  ( 43.30282235236634847, 19.87743655750261951, 3.272695093977023184 ) ) ;
#49 = CARTESIAN_POINT ( 'NONE',  ( 125.0000000000001990, 23.04631176510780932, 15.68622211472842132 ) ) ;
#50 = CARTESIAN_POINT ( 'NONE',  ( 87.94218114375570394, 24.55839555066282287, 11.11632619710145242 ) ) ;
#51 = CARTESIAN_POINT ( 'NONE',  ( 35.19181286600559133, 19.85286881798651137, 3.156349643762982993 ) ) ;
#52 = CARTESIAN_POINT ( 'NONE',  ( 43.27631856934784338, 27.91303668711569941, 1.331611228101318600 ) ) ;
#53 = CARTESIAN_POINT ( 'NONE',  ( 64.86521410617702088, 26.72990613793219339, 4.965415377075272474 ) ) ;
#54 = CARTESIAN_POINT ( 'NONE',  ( 34.00000000000002132, 9.997892583070585815, 1.695447295698635282 ) ) ;
#55 = CARTESIAN_POINT ( 'NONE',  ( 35.08703786820046133, 1.956051493126233165, 2.078645917775820084 ) ) ;
#56 = CARTESIAN_POINT ( 'NONE',  ( 43.18715661754253432, 14.95593456721643655, 3.613650392535713518 ) ) ;
#57 = CARTESIAN_POINT ( 'NONE',  ( 114.9298501999654007, 18.62561146286830294, 12.43223899349798423 ) ) ;
#58 = CARTESIAN_POINT ( 'NONE',  ( 76.59443035990149440, 25.17830714787258728, 5.747803636386451309 ) ) ;
#59 = CARTESIAN_POINT ( 'NONE',  ( 34.78785092000565982, 20.01612341248837978, 4.195235660664774713 ) ) ;
#60 = MECHANICAL_DESIGN_GEOMETRIC_PRESENTATION_REPRESENTATION (  '', ( #1198 ), #1649 ) ;
#61 = CARTESIAN_POINT ( 'NONE',  ( 36.02882654560750098, 27.67106738743430938, 0.1844759297129709430 ) ) ;
#62 = CARTESIAN_POINT ( 'NONE',  ( 57.18354544526736305, 26.20747116732630033, 4.265000717192876323 ) ) ;
#63 = CARTESIAN_POINT ( 'NONE',  ( 97.44911528837741344, 4.762366012019568551, 6.362255699281634591 ) ) ;
#64 = CARTESIAN_POINT ( 'NONE',  ( 36.29851151929909747, 2.055075861190477138, 1.781808951907283722 ) ) ;
#65 = CARTESIAN_POINT ( 'NONE',  ( 43.22621609352843564, 16.32971706915850163, 3.567466329950047754 ) ) ;
#66 = CARTESIAN_POINT ( 'NONE',  ( 33.99999999999999289, 16.62215080048593308, 2.981846133981615576 ) ) ;
#67 = CARTESIAN_POINT ( 'NONE',  ( 75.04955789977147163, 24.21737081161714755, 5.124802913648179192 ) ) ;
#68 = CARTESIAN_POINT ( 'NONE',  ( 35.16938258418885965, 12.73153148766647291, 3.522955946681515016 ) ) ;
#69 = CARTESIAN_POINT ( 'NONE',  ( 34.99730497425326803, 23.75422468794251429, 1.333343977571630257 ) ) ;
#70 = CARTESIAN_POINT ( 'NONE',  ( 53.28090462331545041, 27.57707734275705036, 6.236430863322707907 ) ) ;
#71 = B_SPLINE_CURVE_WITH_KNOTS ( 'NONE', 3,
 ( #1570, #1710, #108, #641 ),
 .UNSPECIFIED., .F., .F.,
 ( 4, 4 ),
 ( 6.992893892674702526E-18, 0.0001940994302774365506 ),
 .UNSPECIFIED. ) ;
#72 = CARTESIAN_POINT ( 'NONE',  ( 56.03683806359804009, 2.135514459190850811, -6.944992856762254974 ) ) ;
#73 = CARTESIAN_POINT ( 'NONE',  ( 34.93007009607112678, 2.227623967838738839, 2.799357548285960728 ) ) ;
#74 = CARTESIAN_POINT ( 'NONE',  ( 35.00000000000000711, 17.58792819855767320, 1.491270289422177209 ) ) ;
#75 = LINE ( 'NONE', #805, #1425 ) ;
#76 = CARTESIAN_POINT ( 'NONE',  ( 35.62745467051939130, 28.09022786655329185, 1.349963499170748316 ) ) ;
#77 = CARTESIAN_POINT ( 'NONE',  ( 97.40628405096411768, 22.38428101858058383, 12.04633624132995173 ) ) ;
#78 = CARTESIAN_POINT ( 'NONE',  ( 77.33935274593639519, 25.35892158112736539, 7.064071893236304689 ) ) ;
#79 = CARTESIAN_POINT ( 'NONE',  ( 34.93613970246420308, 26.56064493177566632, 2.702816057305259978 ) ) ;
#80 = CARTESIAN_POINT ( 'NONE',  ( 36.29639975252894146, 12.18230725127474301, 3.765322375121378240 ) ) ;
#81 = CARTESIAN_POINT ( 'NONE',  ( 48.79290525767186892, 26.28153438495728267, 3.155132414179220302 ) ) ;
#82 = CARTESIAN_POINT ( 'NONE',  ( 36.32541945490479662, 2.221121772623465773, 1.180095173586747093 ) ) ;
#83 = CARTESIAN_POINT ( 'NONE',  ( 35.98848753875008555, 2.310984297127594456, 0.7366517270615334789 ) ) ;
#84 = CARTESIAN_POINT ( 'NONE',  ( 114.9454515090605469, 20.21796117967141981, 12.09886356056073176 ) ) ;
#85 = CARTESIAN_POINT ( 'NONE',  ( 36.21562598698450586, 8.436185965226380645, 3.636575459141139888 ) ) ;
#86 = CARTESIAN_POINT ( 'NONE',  ( 36.03169536325749789, 28.03812629549900137, 1.132727982266059863 ) ) ;
#87 = CARTESIAN_POINT ( 'NONE',  ( 125.0000000000000284, 2.649099821238139363, -2.535119330613123001 ) ) ;
#88 = CARTESIAN_POINT ( 'NONE',  ( 35.96001353383054067, 12.29238002062891155, 2.683280599775651254 ) ) ;
#89 = CARTESIAN_POINT ( 'NONE',  ( 35.00000000000000000, 24.58912806072004997, -0.09790259813489748941 ) ) ;
#90 = ADVANCED_FACE ( 'NONE', ( #1607 ), #1447, .T. ) ;
#91 = CARTESIAN_POINT ( 'NONE',  ( 34.00000000000002842, 21.31151382462256549, 1.512860663854164400 ) ) ;
#92 = CARTESIAN_POINT ( 'NONE',  ( 33.99999999999999289, 13.37784919951409179, 2.981846133981617353 ) ) ;
#93 = CARTESIAN_POINT ( 'NONE',  ( 121.7974969973717521, 25.18976755580145266, 15.35776579376735462 ) ) ;
#94 = CARTESIAN_POINT ( 'NONE',  ( 114.9098420514992682, 3.031188734649154615, 1.562057847836398228 ) ) ;
#95 = CARTESIAN_POINT ( 'NONE',  ( 35.98257782050523446, 4.970894728674606355, 1.541110323903233548 ) ) ;
#96 = CARTESIAN_POINT ( 'NONE',  ( 36.32555410915961147, 2.221117756601930893, 1.180111706656815640 ) ) ;
#97 = B_SPLINE_CURVE_WITH_KNOTS ( 'NONE', 3,
 ( #1467, #268, #798, #1330, #1199, #776 ),
 .UNSPECIFIED., .F., .F.,
 ( 4, 2, 4 ),
 ( 0.0002932250417777012923, 0.001730224173439179076, 0.003167223305100656805 ),
 .UNSPECIFIED. ) ;
#98 = CARTESIAN_POINT ( 'NONE',  ( 74.70929741044176353, 24.24375563361088837, 5.055900066665310000 ) ) ;
#99 = CARTESIAN_POINT ( 'NONE',  ( 125.0000000000000000, 0.9912965560739185333, -3.105416366517994131 ) ) ;
#100 = CARTESIAN_POINT ( 'NONE',  ( 55.94669990822738015, 28.04912589882638585, 6.220412010108756995 ) ) ;
#101 = CARTESIAN_POINT ( 'NONE',  ( 97.47146044812055266, 9.043293422025135087, 9.462655870630012345 ) ) ;
#102 = CARTESIAN_POINT ( 'NONE',  ( 100.8584538191018396, 24.40376275183509946, 14.22403364713422924 ) ) ;
#103 = CARTESIAN_POINT ( 'NONE',  ( 56.04283028545981438, 2.333594535671160486, -6.435832789817022004 ) ) ;
#104 = CARTESIAN_POINT ( 'NONE',  ( 35.98818401247674359, 2.212172386416600300, 0.7036495661944056623 ) ) ;
#105 = CARTESIAN_POINT ( 'NONE',  ( 53.99601590937422202, 26.36433664207902439, 3.980741501030860441 ) ) ;
#106 = CARTESIAN_POINT ( 'NONE',  ( 36.32555410915961147, 2.221117756601930893, 1.180111706656815640 ) ) ;
#107 = CARTESIAN_POINT ( 'NONE',  ( 81.98646325831553838, 23.91317535071482681, 7.067782829444696269 ) ) ;
#108 = CARTESIAN_POINT ( 'NONE',  ( 36.36238790754468653, 2.050259795965665877, 1.801736307395263248 ) ) ;
#109 = CARTESIAN_POINT ( 'NONE',  ( 35.03610912109608222, 29.12980567063142345, 1.672736099218036676 ) ) ;
#110 = CARTESIAN_POINT ( 'NONE',  ( 97.43272316606386596, 15.16879580874597799, 9.539221420763301040 ) ) ;
#111 = CARTESIAN_POINT ( 'NONE',  ( 115.9413063352994300, 24.70068401054743390, 16.84153687507349062 ) ) ;
#112 = CARTESIAN_POINT ( 'NONE',  ( 75.75003736867789428, 3.095612490997489807, -6.100928403993186144 ) ) ;
#113 = CARTESIAN_POINT ( 'NONE',  ( 82.28500933597084099, 24.87113153363768703, 8.738124818512750025 ) ) ;
#114 = PRODUCT_RELATED_PRODUCT_CATEGORY ( 'part', '', ( #518 ) ) ;
#115 = CARTESIAN_POINT ( 'NONE',  ( 36.32403376538933060, 27.77412182243539007, 1.311315713459370480 ) ) ;
#116 = CARTESIAN_POINT ( 'NONE',  ( 36.17398006911127339, 2.127542057384469221, 1.006372760293974267 ) ) ;
#117 = CARTESIAN_POINT ( 'NONE',  ( 35.98960791104766344, 2.812184992192988453, 0.9039286151864912577 ) ) ;
#118 = CARTESIAN_POINT ( 'NONE',  ( 43.09430675148384182, 2.008042366689947400, 1.568354003158680232 ) ) ;
#119 = CARTESIAN_POINT ( 'NONE',  ( 125.0000000000000568, 3.612459370345272536, -1.250065577027230646 ) ) ;
#120 = CARTESIAN_POINT ( 'NONE',  ( 59.65030094738569488, 25.98305078566655268, 4.364567434613557673 ) ) ;
#121 = EDGE_CURVE ( 'NONE', #1090, #957, #380, .T. ) ;
#122 = CARTESIAN_POINT ( 'NONE',  ( 34.96091542617238446, 29.61776031226089501, 1.653599880268238342 ) ) ;
#123 = ORIENTED_EDGE ( 'NONE', *, *, #962, .F. ) ;
#124 = CARTESIAN_POINT ( 'NONE',  ( 77.49083209989798604, 24.02337387444821459, 5.606211479222550587 ) ) ;
#125 = CARTESIAN_POINT ( 'NONE',  ( 50.24942303075213346, 27.76096511351608598, 4.785299112123895249 ) ) ;
#126 = CARTESIAN_POINT ( 'NONE',  ( 36.32541993076163322, 2.221125512818928005, 1.180081627853214910 ) ) ;
#127 = CARTESIAN_POINT ( 'NONE',  ( 118.9685424137481249, 24.75348523996263950, 16.92573720435539286 ) ) ;
#128 = CARTESIAN_POINT ( 'NONE',  ( 97.07683481463942599, 24.50775307879930054, 14.56248090681842733 ) ) ;
#129 = CARTESIAN_POINT ( 'NONE',  ( 36.32541945490479662, 2.221121772623465773, 1.180095173586747093 ) ) ;
#130 = FACE_OUTER_BOUND ( 'NONE', #23, .T. ) ;
#131 = CARTESIAN_POINT ( 'NONE',  ( 36.02949785542127614, 18.07171804653163250, 2.519404872202307466 ) ) ;
#132 = CARTESIAN_POINT ( 'NONE',  ( 34.00000000000000711, 2.461737384462301392, 0.1163082816894012023 ) ) ;
#133 = CARTESIAN_POINT ( 'NONE',  ( 36.18514964586826466, 2.049989041200583451, 2.027741073979415720 ) ) ;
#134 = AXIS2_PLACEMENT_3D ( 'NONE', #736, #850, #876 ) ;
#135 = CARTESIAN_POINT ( 'NONE',  ( 36.29851151929909747, 2.055075861190477138, 1.781808951907283722 ) ) ;
#136 = CARTESIAN_POINT ( 'NONE',  ( 36.26758051776899805, 27.87332517368802698, 1.394080028312110198 ) ) ;
#137 = CARTESIAN_POINT ( 'NONE',  ( 43.00361796594130226, 28.34283799239930346, 3.603399227096860002 ) ) ;
#138 = ORIENTED_EDGE ( 'NONE', *, *, #578, .F. ) ;
#139 = CARTESIAN_POINT ( 'NONE',  ( 36.17657804428229440, 2.549797498504217330, 1.148657581470166500 ) ) ;
#140 = CARTESIAN_POINT ( 'NONE',  ( 34.00000000000000711, 2.384446901076150649, 0.3512510107019916061 ) ) ;
#141 = CARTESIAN_POINT ( 'NONE',  ( 35.00000000000000711, 1.285298108103804182, -0.2628512933737922053 ) ) ;
#142 = CARTESIAN_POINT ( 'NONE',  ( 97.41276301321803999, 1.158223260463361104, 1.232771265683803019 ) ) ;
#143 = B_SPLINE_CURVE_WITH_KNOTS ( 'NONE', 3,
 ( #148, #1632, #1502, #679, #857 ),
 .UNSPECIFIED., .F., .F.,
 ( 4, 1, 4 ),
 ( 0.06314958092432616799, 0.3230146428825587668, 0.5145719000179638236 ),
 .UNSPECIFIED. ) ;
#144 = CARTESIAN_POINT ( 'NONE',  ( 34.99771365433229420, 28.82117754922981234, 0.4291891644021450514 ) ) ;
#145 = CARTESIAN_POINT ( 'NONE',  ( 44.87637741431397131, 28.23833389883342093, 4.160825506110563232 ) ) ;
#146 = ORIENTED_EDGE ( 'NONE', *, *, #1596, .F. ) ;
#147 = CARTESIAN_POINT ( 'NONE',  ( 56.04119611423195124, 4.320371941616944156, -7.154504716386356655 ) ) ;
#148 = CARTESIAN_POINT ( 'NONE',  ( 118.9685424137481249, 24.75348523996263950, 16.92573720435539286 ) ) ;
#149 = B_SPLINE_CURVE_WITH_KNOTS ( 'NONE', 3,
 ( #1299, #890, #752, #875, #907, #746, #617, #899, #499, #1145 ),
 .UNSPECIFIED., .F., .F.,
 ( 4, 2, 2, 2, 4 ),
 ( 0.000000000000000000, 0.0004836426887937122815, 0.0009672853775874245630, 0.001450928066381136899, 0.001934570755174849126 ),
 .UNSPECIFIED. ) ;
#150 = CARTESIAN_POINT ( 'NONE',  ( 125.0000000000000568, 1.749288173984890449, -3.014422692410009486 ) ) ;
#151 = FACE_OUTER_BOUND ( 'NONE', #1185, .T. ) ;
#152 = CARTESIAN_POINT ( 'NONE',  ( 43.27263687958088667, 28.25722559360127306, 2.273133353533085543 ) ) ;
#153 = CARTESIAN_POINT ( 'NONE',  ( 34.99999999999823785, 1.508295522048385351, -0.7188265054825615508 ) ) ;
#154 = ORIENTED_EDGE ( 'NONE', *, *, #578, .T. ) ;
#155 = CARTESIAN_POINT ( 'NONE',  ( 97.41156583641229361, 2.220559182679205268, 1.378730535239526711 ) ) ;
#156 = CARTESIAN_POINT ( 'NONE',  ( 36.30865084510216434, 2.090301231112821512, 1.654766141567572513 ) ) ;
#157 = CARTESIAN_POINT ( 'NONE',  ( 125.0000000000001705, 9.457748610372101794, 7.330287363577544291 ) ) ;
#158 = PLANE ( 'NONE',  #306 ) ;
#159 = CARTESIAN_POINT ( 'NONE',  ( 75.75077597044017352, 2.200832750225580892, -7.194366287834367490 ) ) ;
#160 = CARTESIAN_POINT ( 'NONE',  ( 75.76474293899705970, 24.58268779387354641, 2.511638977391882133 ) ) ;
#161 = VERTEX_POINT ( 'NONE', #1713 ) ;
#162 = VERTEX_POINT ( 'NONE', #360 ) ;
#163 = CARTESIAN_POINT ( 'NONE',  ( 125.0000000000000000, 1.299676900134245194, -4.081434116395984191 ) ) ;
#164 = CARTESIAN_POINT ( 'NONE',  ( 35.00000000000001421, 29.26087642102371689, 1.574943431542544792 ) ) ;
#165 = CARTESIAN_POINT ( 'NONE',  ( 55.96158811331830663, 18.53923007260586076, -1.235517666138256754 ) ) ;
#166 = CARTESIAN_POINT ( 'NONE',  ( 34.89369421249531911, 3.697037769152482056, 3.221554924907987782 ) ) ;
#167 = CARTESIAN_POINT ( 'NONE',  ( 36.18279951920598592, 2.101129371067804286, 1.824109323721127218 ) ) ;
#168 = CARTESIAN_POINT ( 'NONE',  ( 125.0000000000000000, 17.23522555212543494, 13.41589226410143709 ) ) ;
#169 = CARTESIAN_POINT ( 'NONE',  ( 36.46013642312525604, 27.94560060288073799, 1.264506882509968122 ) ) ;
#170 = ADVANCED_FACE ( 'NONE', ( #893 ), #1723, .T. ) ;
#171 = CARTESIAN_POINT ( 'NONE',  ( 97.48023564157978171, 23.98840334843561806, 19.17837271458153481 ) ) ;
#172 = VERTEX_POINT ( 'NONE', #1611 ) ;
#173 = EDGE_LOOP ( 'NONE', ( #1512, #540, #824, #539, #24, #703, #146 ) ) ;
#174 = CARTESIAN_POINT ( 'NONE',  ( 43.05885019299858385, 5.992462809991025097, 2.722234321371096666 ) ) ;
#175 = CARTESIAN_POINT ( 'NONE',  ( 36.25723018468168846, 27.77812139640525757, 1.309419048299054644 ) ) ;
#176 = CARTESIAN_POINT ( 'NONE',  ( 97.47291998622493736, 8.517213010351557756, 8.207360043148279161 ) ) ;
#177 = CARTESIAN_POINT ( 'NONE',  ( 36.18044939254370718, 2.152269700935054875, 1.620477573462848930 ) ) ;
#178 = CARTESIAN_POINT ( 'NONE',  ( 36.02191234519268193, 27.51163852601568038, 1.342661370628971618 ) ) ;
#179 = CARTESIAN_POINT ( 'NONE',  ( 89.92501054525742177, 24.58898926466032364, 11.19634358232490534 ) ) ;
#180 = CARTESIAN_POINT ( 'NONE',  ( 36.29687262406745418, 12.13549788176284672, 3.763742522663325207 ) ) ;
#181 = CARTESIAN_POINT ( 'NONE',  ( 55.95364040880404843, 28.30912657063961291, 7.101511866427022035 ) ) ;
#182 = CARTESIAN_POINT ( 'NONE',  ( 61.96532821472004571, 26.86768896561636666, 6.567762539617253204 ) ) ;
#183 = CARTESIAN_POINT ( 'NONE',  ( 43.05335913566013772, 6.793439807960394816, 2.900972358172327237 ) ) ;
#184 = CARTESIAN_POINT ( 'NONE',  ( 36.29766178575941638, 2.050754475113730102, 1.797444721679799517 ) ) ;
#185 = CARTESIAN_POINT ( 'NONE',  ( 43.09018451762299406, 11.65975467695368373, 3.548560035627521980 ) ) ;
#186 = CARTESIAN_POINT ( 'NONE',  ( 34.99517375457769930, 2.379682971893643195, -0.5825185185402601551 ) ) ;
#187 = CARTESIAN_POINT ( 'NONE',  ( 55.92580575698382717, 23.09432690089463946, 3.531834399716065498 ) ) ;
#188 = CARTESIAN_POINT ( 'NONE',  ( 81.85181724104454304, 24.90623263968078049, 8.567242790336466740 ) ) ;
#189 = CARTESIAN_POINT ( 'NONE',  ( 34.97667599805541983, 28.30000149201933013, 2.113278537371042098 ) ) ;
#190 = B_SPLINE_CURVE_WITH_KNOTS ( 'NONE', 3,
 ( #1426, #1308, #1290, #1689, #366, #1162, #1273, #1435, #490, #1407, #624, #351, #1444, #1003, #1552, #221 ),
 .UNSPECIFIED., .F., .F.,
 ( 4, 3, 3, 3, 3, 4 ),
 ( -5.999999999978171160E-08, 0.000000000000000000, 9.822655179334933908E-05, 0.0002640508646488954453, 0.0003629031204016382899, 0.0003629631204016386383 ),
 .UNSPECIFIED. ) ;
#191 = CARTESIAN_POINT ( 'NONE',  ( 97.48863055352995843, 23.71033665453346373, 20.18782017449779431 ) ) ;
#192 = CARTESIAN_POINT ( 'NONE',  ( 53.48932686909768108, 27.98491847369199448, 4.558499761745481216 ) ) ;
#193 = CARTESIAN_POINT ( 'NONE',  ( 75.73834382549262045, 7.313174112867795174, -4.772042569908403031 ) ) ;
#194 = CARTESIAN_POINT ( 'NONE',  ( 35.00000000000001421, 13.37175772276774133, 1.691120253614900815 ) ) ;
#195 = CARTESIAN_POINT ( 'NONE',  ( 124.9999999999998863, 8.533113003116831408, 6.389782495496479697 ) ) ;
#196 = CARTESIAN_POINT ( 'NONE',  ( 36.07222811259887152, 16.66124622933693189, 3.893500726529562694 ) ) ;
#197 = CARTESIAN_POINT ( 'NONE',  ( 95.96105526353812820, 24.50342332218964359, 14.23810933388307021 ) ) ;
#198 = CARTESIAN_POINT ( 'NONE',  ( 35.24608558500190014, 23.35033640042910008, 2.489833414195266936 ) ) ;
#199 = CARTESIAN_POINT ( 'NONE',  ( 35.98103267279447692, 14.41317737632280682, 2.727471378208233599 ) ) ;
#200 = CARTESIAN_POINT ( 'NONE',  ( 48.87190217540623394, 28.05356626935768816, 3.458019287415413867 ) ) ;
#201 = CARTESIAN_POINT ( 'NONE',  ( 36.48864448047837783, 2.098618151638417029, 1.841055691930859606 ) ) ;
#202 = CARTESIAN_POINT ( 'NONE',  ( 35.00000000000000711, 12.53377843667037794, 1.661982912581464689 ) ) ;
#203 = ADVANCED_FACE ( 'NONE', ( #543 ), #612, .F. ) ;
#204 = CARTESIAN_POINT ( 'NONE',  ( 36.07593088327632813, 27.78897590388787364, 1.304271658519604582 ) ) ;
#205 = CARTESIAN_POINT ( 'NONE',  ( 75.76349559785433030, 24.56569417142787159, 3.489198678728113734 ) ) ;
#206 = CARTESIAN_POINT ( 'NONE',  ( 82.13310969571136866, 24.76693610902896836, 7.634817847264105062 ) ) ;
#207 = CARTESIAN_POINT ( 'NONE',  ( 35.31810651491296937, 27.48899852327566151, 1.241965564452432558 ) ) ;
#208 = CARTESIAN_POINT ( 'NONE',  ( 35.95959680426635430, 8.066097807383538765, 2.210713792077736439 ) ) ;
#209 = CARTESIAN_POINT ( 'NONE',  ( 59.06672642330877210, 26.04217500174366151, 4.348186352125974707 ) ) ;
#210 = CARTESIAN_POINT ( 'NONE',  ( 36.20178432224864906, 27.22700040012725609, 0.9511564223099250315 ) ) ;
#211 = CARTESIAN_POINT ( 'NONE',  ( 35.00000000000002132, 22.54841226812407839, 0.5150658984268888796 ) ) ;
#212 = CARTESIAN_POINT ( 'NONE',  ( 35.98857589327896989, 2.339563919582408502, 0.7461971828363896941 ) ) ;
#213 = CARTESIAN_POINT ( 'NONE',  ( 35.98131306351414338, 1.004943962555721271, 0.2995549605635886015 ) ) ;
#214 = CARTESIAN_POINT ( 'NONE',  ( 34.00000000000002842, 22.87526920879853876, 1.231155574722698987 ) ) ;
#215 = CARTESIAN_POINT ( 'NONE',  ( 97.45453952798447972, 5.213312010541507391, 8.076873643017790982 ) ) ;
#216 = CARTESIAN_POINT ( 'NONE',  ( 93.62803547661205528, 24.29055203933963014, 12.13136162208216895 ) ) ;
#217 = CARTESIAN_POINT ( 'NONE',  ( 75.74898013151499754, 3.860619936969132304, -5.729405584183576039 ) ) ;
#218 = CARTESIAN_POINT ( 'NONE',  ( 36.29059897924834388, 12.72877227339349737, 3.787976275046835983 ) ) ;
#219 = CARTESIAN_POINT ( 'NONE',  ( 36.14594439532680070, 26.46512058443777704, 0.7821000963905788694 ) ) ;
#220 = ADVANCED_FACE ( 'NONE', ( #260 ), #158, .F. ) ;
#221 = CARTESIAN_POINT ( 'NONE',  ( 36.33589918060958723, 2.317663387338412484, 0.8302884428710024523 ) ) ;
#222 = CARTESIAN_POINT ( 'NONE',  ( 35.01286025554190928, 1.094964406187233230, 0.05602100210140786851 ) ) ;
#223 = CARTESIAN_POINT ( 'NONE',  ( 36.01937781647462344, 27.15626227328314712, 0.3891139350184804613 ) ) ;
#224 = CARTESIAN_POINT ( 'NONE',  ( 56.00105733353935733, 15.08875126505613373, -2.671064989613796570 ) ) ;
#225 = CARTESIAN_POINT ( 'NONE',  ( 125.0000000000000000, 21.49972433621190859, 14.23213572961236650 ) ) ;
#226 = CARTESIAN_POINT ( 'NONE',  ( 114.9229559944622565, 2.624395283960577085, 0.8957597690204225360 ) ) ;
#227 = CARTESIAN_POINT ( 'NONE',  ( 34.99449840589200278, 21.48710401231778278, 0.6839853419959291969 ) ) ;
#228 = COLOUR_RGB ( '',0.7921568627450980005, 0.8196078431372548767, 0.9333333333333333481 ) ;
#229 = CARTESIAN_POINT ( 'NONE',  ( 36.12468233294862330, 25.94948152200931446, 0.8382472953669519722 ) ) ;
#230 = CARTESIAN_POINT ( 'NONE',  ( 123.8201941064704954, 23.49557255996577965, 14.70563530224023374 ) ) ;
#231 = CARTESIAN_POINT ( 'NONE',  ( 35.00000000000000711, 24.16280949490191787, 9.411114730408299351E-15 ) ) ;
#232 = B_SPLINE_CURVE_WITH_KNOTS ( 'NONE', 3,
 ( #64, #1144, #1544, #616, #1123, #341, #1662, #462, #990, #1533, #758, #623, #497, #888, #1281, #106 ),
 .UNSPECIFIED., .F., .F.,
 ( 4, 3, 3, 3, 3, 4 ),
 ( -6.000000000080307452E-08, 0.000000000000000000, 0.0001610523103620990196, 0.0004359335981191187967, 0.0006246610722862682135, 0.0006247210722862682909 ),
 .UNSPECIFIED. ) ;
#233 = CARTESIAN_POINT ( 'NONE',  ( 35.51015792754415656, 28.22429463031446417, 1.378522127448421175 ) ) ;
#234 = CARTESIAN_POINT ( 'NONE',  ( 114.7596194674723478, 7.810562880198493652, 7.649812280179081547 ) ) ;
#235 = CARTESIAN_POINT ( 'NONE',  ( 104.6003866988227315, 24.39846668810511332, 14.72513728174753389 ) ) ;
#236 = CARTESIAN_POINT ( 'NONE',  ( 56.04186416089991241, 1.885584857042705398, -6.499455864218289136 ) ) ;
#237 = CARTESIAN_POINT ( 'NONE',  ( 34.93180524457901726, 15.47123619732492728, 2.443097470323891240 ) ) ;
#238 = CARTESIAN_POINT ( 'NONE',  ( 45.53396346891446456, 26.16661414527830232, 2.545628713602748672 ) ) ;
#239 = CARTESIAN_POINT ( 'NONE',  ( 34.99706508563154728, 27.12933016854344714, -0.4567245258039571709 ) ) ;
#240 = CARTESIAN_POINT ( 'NONE',  ( 100.4980969894593414, 24.40220775859702940, 14.15828916088407752 ) ) ;
#241 = CARTESIAN_POINT ( 'NONE',  ( 35.98853223308829286, 2.325264575370420861, 0.7414214260698344106 ) ) ;
#242 = CARTESIAN_POINT ( 'NONE',  ( 36.02882654560750098, 27.67106738743428451, 0.1844759297129619779 ) ) ;
#243 = CARTESIAN_POINT ( 'NONE',  ( 56.04717455016063354, 12.02637269298377021, -5.136567595995385815 ) ) ;
#244 = CARTESIAN_POINT ( 'NONE',  ( 117.8570169942576058, 24.73171750754320541, 16.89450390767217769 ) ) ;
#245 = CARTESIAN_POINT ( 'NONE',  ( 36.20531922474653896, 6.021552498454147084, 3.153105117796524137 ) ) ;
#246 = CARTESIAN_POINT ( 'NONE',  ( 48.35255719692866450, 26.26428090030924167, 3.074509613393929364 ) ) ;
#247 = CARTESIAN_POINT ( 'NONE',  ( 34.95505685993294520, 28.25565462460661337, 1.885075106541103107 ) ) ;
#248 = CARTESIAN_POINT ( 'NONE',  ( 114.9428228313452820, 1.483583946758981975, -1.938037481819216312 ) ) ;
#249 = CARTESIAN_POINT ( 'NONE',  ( 114.9297372580918619, 1.426492711008956915, -1.477725606985910822 ) ) ;
#250 = EDGE_CURVE ( 'NONE', #1593, #162, #549, .T. ) ;
#251 = CARTESIAN_POINT ( 'NONE',  ( 125.0000000000000000, 0.9869595216346581656, -3.095770530183174163 ) ) ;
#252 = CARTESIAN_POINT ( 'NONE',  ( 75.74716134881002461, 4.706376064487922228, -5.224060738345822408 ) ) ;
#253 = CARTESIAN_POINT ( 'NONE',  ( 52.11419805503923897, 26.37055853988167087, 3.718935880572002972 ) ) ;
#254 = CARTESIAN_POINT ( 'NONE',  ( 125.0000000000000000, 17.24482412240327633, 13.48585945129006447 ) ) ;
#255 = ORIENTED_EDGE ( 'NONE', *, *, #384, .F. ) ;
#256 = CARTESIAN_POINT ( 'NONE',  ( 36.33589918060958723, 2.317663387338412484, 0.8302884428710024523 ) ) ;
#257 = B_SPLINE_SURFACE_WITH_KNOTS ( 'NONE', 3, 3, ( 
 ( #991, #906, #1534, #1568, #2, #1161, #248, #333 ),
 ( #778, #116, #1323, #759, #498, #365, #1044, #1586 ),
 ( #383, #914, #33, #564, #1340, #155, #678, #163 ),
 ( #1367, #1216, #949, #936, #825, #283, #276, #270 ),
 ( #801, #139, #1493, #25, #671, #1609, #685, #291 ),
 ( #1201, #1501, #1058, #1623, #1075, #1601, #694, #431 ),
 ( #1082, #1348, #11, #147, #1476, #541, #532, #1067 ),
 ( #556, #1235, #398, #1209, #422, #1357, #1091, #958 ),
 ( #301, #1333, #809, #1225, #18, #928, #408, #704 ),
 ( #835, #1631, #174, #1616, #1469, #548, #415, #942 ),
 ( #1484, #817, #183, #981, #461, #1523, #1642, #1388 ),
 ( #322, #1661, #452, #856, #193, #63, #592, #989 ),
 ( #724, #715, #1254, #1103, #971, #1122, #1532, #1245 ),
 ( #54, #331, #45, #443, #575, #1113, #1513, #584 ),
 ( #314, #847, #1652, #1379, #434, #1359, #445, #1390 ),
 ( #1654, #960, #185, #696, #27, #176, #858, #1247 ),
 ( #324, #1516, #316, #974, #1115, #1503, #1227, #195 ),
 ( #454, #849, #1382, #726, #717, #983, #1487, #157 ),
 ( #558, #1525, #56, #1256, #827, #1105, #586, #304 ),
 ( #1644, #285, #65, #594, #1124, #36, #1663, #463 ),
 ( #819, #425, #1350, #165, #687, #1218, #566, #838 ),
 ( #1085, #1625, #951, #1495, #1094, #293, #708, #1633 ),
 ( #1370, #1238, #48, #577, #1021, #596, #484, #633 ),
 ( #91, #606, #900, #465, #1006, #1409, #1675, #993 ),
 ( #214, #1701, #747, #1029, #1013, #1265, #84, #1275 ),
 ( #625, #1126, #618, #1664, #1137, #771, #867, #476 ),
 ( #1535, #1148, #1546, #500, #1163, #358, #334, #1427 ),
 ( #1683, #223, #1571, #100, #367, #1553, #753, #352 ),
 ( #1436, #242, #1283, #1561, #344, #891, #883, #877 ) ),
 .UNSPECIFIED., .F., .F., .F.,
 ( 4, 3, 1, 1, 1, 1, 1, 1, 1, 1, 1, 1, 1, 1, 1, 1, 1, 1, 1, 1, 1, 1, 1, 1, 4 ),
 ( 4, 1, 1, 1, 1, 4 ),
 ( -0.01000000000000000021, 0.000000000000000000, 0.03125000000000000000, 0.06250000000000000000, 0.09375000000000000000, 0.1250000000000000000, 0.1562500000000000000, 0.1875000000000000000, 0.2187500000000000000, 0.2500000000000000000, 0.3125000000000000000, 0.3437500000000000000, 0.3750000000000000000, 0.4062500000000000000, 0.4375000000000000000, 0.5000000000000000000, 0.5625000000000000000, 0.5937500000000000000, 0.6250000000000000000, 0.6875000000000000000, 0.7500000000000000000, 0.8125000000000000000, 0.8750000000000000000, 0.9375000000000000000, 1.000000000000000000 ),
 ( 0.000000000000000000, 0.06529055286195016572, 0.2354486167818587439, 0.4509168125772553548, 0.6769853571174412332, 1.000000000000000000 ),
 .UNSPECIFIED. ) ;
#258 = CARTESIAN_POINT ( 'NONE',  ( 35.96717749352654181, 13.09402624499964851, 2.712634717346460889 ) ) ;
#259 = CARTESIAN_POINT ( 'NONE',  ( 36.17811996823344600, 2.202817266550638475, 1.419212138398156409 ) ) ;
#260 = FACE_OUTER_BOUND ( 'NONE', #414, .T. ) ;
#261 = CARTESIAN_POINT ( 'NONE',  ( 36.21752001751544725, 2.051366970660680522, 1.792131020543311193 ) ) ;
#262 = CARTESIAN_POINT ( 'NONE',  ( 34.99999999999717915, 0.9593749202604886506, 2.294571365088824422 ) ) ;
#263 = CARTESIAN_POINT ( 'NONE',  ( 75.75221955455853617, 2.118338220007923933, -7.566782667088870262 ) ) ;
#264 = CARTESIAN_POINT ( 'NONE',  ( 73.84958652373505572, 25.67746807344139981, 6.105807933291071521 ) ) ;
#265 = CARTESIAN_POINT ( 'NONE',  ( 56.03683806359804009, 2.135514459190850811, -6.944992856762254974 ) ) ;
#266 = DIRECTION ( 'NONE',  ( -1.000000000000000000, 0.000000000000000000, 0.000000000000000000 ) ) ;
#267 = CARTESIAN_POINT ( 'NONE',  ( 118.9685424137481249, 24.75348523996263950, 16.92573720435539286 ) ) ;
#268 = CARTESIAN_POINT ( 'NONE',  ( 35.00000000000001421, 1.970846843504293400, -0.5943516792139508231 ) ) ;
#269 = VERTEX_POINT ( 'NONE', #127 ) ;
#270 = CARTESIAN_POINT ( 'NONE',  ( 125.0000000000000000, 1.424999999999999156, -4.070000000000000284 ) ) ;
#271 = CARTESIAN_POINT ( 'NONE',  ( 97.41444776877321488, 2.119249937235076597, 1.094050706837047082 ) ) ;
#272 = CARTESIAN_POINT ( 'NONE',  ( 35.00000000000000711, 1.156622174375491863, -2.701369109256658061E-13 ) ) ;
#273 = CARTESIAN_POINT ( 'NONE',  ( 114.9460012507866224, 1.116143577917944718, -1.213403854351705169 ) ) ;
#274 = CARTESIAN_POINT ( 'NONE',  ( 125.0000000000000000, 10.19468612452350342, 9.199560807214632874 ) ) ;
#275 = CARTESIAN_POINT ( 'NONE',  ( 37.48506617250097150, 27.73178765871952578, 0.4844766848635578271 ) ) ;
#276 = CARTESIAN_POINT ( 'NONE',  ( 114.9417394056684003, 1.709378876952844184, -1.801090624547169394 ) ) ;
#277 = CARTESIAN_POINT ( 'NONE',  ( 36.14827921352451057, 26.51330455631202199, 0.7803728840251464849 ) ) ;
#278 = CARTESIAN_POINT ( 'NONE',  ( 35.00000000000081002, 1.086728055312937258, 0.8371564893654929174 ) ) ;
#279 = CARTESIAN_POINT ( 'NONE',  ( 36.33589918060958723, 2.317663387338412484, 0.8302884428710024523 ) ) ;
#280 = CARTESIAN_POINT ( 'NONE',  ( 43.27509133942552211, 28.02776632261088707, 1.645451936578574248 ) ) ;
#281 = CARTESIAN_POINT ( 'NONE',  ( 35.04582755816957018, 1.668521597492991893, -0.4244592718258846653 ) ) ;
#282 = ORIENTED_EDGE ( 'NONE', *, *, #1070, .F. ) ;
#283 = CARTESIAN_POINT ( 'NONE',  ( 97.41172055512747363, 2.204603242912722028, 1.487976673430235763 ) ) ;
#284 = DIRECTION ( 'NONE',  ( 1.000000000000000000, 0.000000000000000000, 0.000000000000000000 ) ) ;
#285 = CARTESIAN_POINT ( 'NONE',  ( 36.06909794916867895, 16.27444987014491318, 2.886243147432543399 ) ) ;
#286 = CARTESIAN_POINT ( 'NONE',  ( 34.99945430171822380, 2.672581944706117429, -0.4076231022218798627 ) ) ;
#287 = CARTESIAN_POINT ( 'NONE',  ( 35.98857600910162802, 2.339601859326290167, 0.7462098541102771820 ) ) ;
#288 = CARTESIAN_POINT ( 'NONE',  ( 97.46344581767942827, 24.54453673623991605, 17.15947779474904067 ) ) ;
#289 = CARTESIAN_POINT ( 'NONE',  ( 35.82947768303385772, 2.267176656579066307, 0.6769615754521380868 ) ) ;
#290 = ORIENTED_EDGE ( 'NONE', *, *, #1045, .F. ) ;
#291 = CARTESIAN_POINT ( 'NONE',  ( 125.0000000000000000, 1.816634687080480370, -4.034268386262551687 ) ) ;
#292 = CARTESIAN_POINT ( 'NONE',  ( 35.00000000000001421, 28.39200979008106529, 0.1102139635289881708 ) ) ;
#293 = CARTESIAN_POINT ( 'NONE',  ( 97.41475153698993950, 16.17521503903346414, 8.249029967101758842 ) ) ;
#294 = CARTESIAN_POINT ( 'NONE',  ( 35.32435558859766900, 2.146215307794992810, 1.594948143084258030 ) ) ;
#295 = EDGE_CURVE ( 'NONE', #162, #1614, #1205, .T. ) ;
#296 = CARTESIAN_POINT ( 'NONE',  ( 56.04078915740171851, 0.9982476234948121085, -6.696369672299967490 ) ) ;
#297 = CARTESIAN_POINT ( 'NONE',  ( 34.89283542354159806, 24.79669912132611387, 3.224952064127196483 ) ) ;
#298 = CARTESIAN_POINT ( 'NONE',  ( 35.00000000000000711, 28.14320409248842836, 2.093746674766587379 ) ) ;
#299 = ORIENTED_EDGE ( 'NONE', *, *, #1195, .T. ) ;
#300 = ORIENTED_EDGE ( 'NONE', *, *, #1670, .T. ) ;
#301 = CARTESIAN_POINT ( 'NONE',  ( 34.00000000000002132, 5.571803095543231166, 0.8790242133083699949 ) ) ;
#302 =( LENGTH_UNIT ( ) NAMED_UNIT ( * ) SI_UNIT ( .MILLI., .METRE. ) );
#303 = CARTESIAN_POINT ( 'NONE',  ( 36.15924457653481738, 26.68989575204584597, 0.7967895057071416876 ) ) ;
#304 = CARTESIAN_POINT ( 'NONE',  ( 124.9999999999998579, 10.77462720985989009, 8.383651830423714202 ) ) ;
#305 = CARTESIAN_POINT ( 'NONE',  ( 35.23944746326129263, 6.880874726761929239, 2.843143529578668449 ) ) ;
#306 = AXIS2_PLACEMENT_3D ( 'NONE', #1061, #266, #1618 ) ;
#307 = CARTESIAN_POINT ( 'NONE',  ( 114.9461721629379554, 1.112882236192203722, -1.210626196968547452 ) ) ;
#308 = CARTESIAN_POINT ( 'NONE',  ( 114.8927121720257958, 15.05912267573329899, 10.77521330931603494 ) ) ;
#309 = CARTESIAN_POINT ( 'NONE',  ( 68.71232023052768056, 26.17335424244708975, 4.893836745664787102 ) ) ;
#310 = CARTESIAN_POINT ( 'NONE',  ( 36.46300408565500106, 28.08841039025875119, 1.210929861070900060 ) ) ;
#311 = CARTESIAN_POINT ( 'NONE',  ( 55.95550978886014093, 27.81411192716878489, 7.810229367992416627 ) ) ;
#312 = CARTESIAN_POINT ( 'NONE',  ( 61.90937033897871089, 25.73270622601607016, 4.402562179858072078 ) ) ;
#313 = ORIENTED_EDGE ( 'NONE', *, *, #1045, .T. ) ;
#314 = CARTESIAN_POINT ( 'NONE',  ( 34.00000000000001421, 11.04824232362105008, 1.810216035715157767 ) ) ;
#315 = CARTESIAN_POINT ( 'NONE',  ( 43.82655197815176962, 1.702869761043314334, 2.005448625148066100 ) ) ;
#316 = CARTESIAN_POINT ( 'NONE',  ( 43.11188595543512037, 12.48157044637048863, 3.586996537410497510 ) ) ;
#317 = CARTESIAN_POINT ( 'NONE',  ( 34.00000000000001421, 26.24696702585037400, 1.441858313396273239 ) ) ;
#318 = CARTESIAN_POINT ( 'NONE',  ( 83.12528638978581341, 23.92105730373255312, 7.505380147935119872 ) ) ;
#319 = CARTESIAN_POINT ( 'NONE',  ( 35.16390838714540479, 13.92009744813022820, 3.550688300715763468 ) ) ;
#320 = CARTESIAN_POINT ( 'NONE',  ( 55.95457509883210179, 28.06161924890419357, 7.455870617209717999 ) ) ;
#321 = CARTESIAN_POINT ( 'NONE',  ( 56.32005178597237460, 27.79832614055444395, 4.933537325469843360 ) ) ;
#322 = CARTESIAN_POINT ( 'NONE',  ( 34.00000000000002842, 7.906608483289438993, 1.372008119288434580 ) ) ;
#323 = CARTESIAN_POINT ( 'NONE',  ( 125.0000000000000000, 24.53082952861063504, 15.44084230748662812 ) ) ;
#324 = CARTESIAN_POINT ( 'NONE',  ( 34.00000000000000000, 12.62706231790866873, 1.935418297551363853 ) ) ;
#325 = CARTESIAN_POINT ( 'NONE',  ( 35.01112695458235891, 2.058881854172486481, 0.3758392306805720673 ) ) ;
#326 = CARTESIAN_POINT ( 'NONE',  ( 75.77326803320291049, 16.50234163472000404, 0.2915894978728126308 ) ) ;
#327 = CARTESIAN_POINT ( 'NONE',  ( 71.56819012054339169, 24.57114433843307211, 4.671447427175249523 ) ) ;
#328 = CARTESIAN_POINT ( 'NONE',  ( 36.35715290687237200, 23.36789496169721403, 2.688239274171502213 ) ) ;
#329 = CARTESIAN_POINT ( 'NONE',  ( 34.97295535763112895, 14.39835410286339190, 1.375757656636190651 ) ) ;
#330 = CARTESIAN_POINT ( 'NONE',  ( 45.05319104941138164, 26.15165351912863656, 2.453098417451575752 ) ) ;
#331 = CARTESIAN_POINT ( 'NONE',  ( 36.20563422362702966, 9.853903150892527663, 2.816332809081684374 ) ) ;
#332 = CARTESIAN_POINT ( 'NONE',  ( 36.21740108924502977, 2.324842331050598787, 0.8039280988280798068 ) ) ;
#333 = CARTESIAN_POINT ( 'NONE',  ( 125.0000000000000000, 1.049030700402737271, -4.104302349187951116 ) ) ;
#334 = CARTESIAN_POINT ( 'NONE',  ( 114.8506480894484838, 23.49784841418923520, 14.36899146755673229 ) ) ;
#335 = CARTESIAN_POINT ( 'NONE',  ( 114.9138351524456567, 20.29863912994696307, 13.44751739930713619 ) ) ;
#336 = CARTESIAN_POINT ( 'NONE',  ( 85.80073907767111052, 23.98730776084676464, 8.630186228028243534 ) ) ;
#337 = CARTESIAN_POINT ( 'NONE',  ( 34.73865741936446483, 12.69264143050051885, 4.591079090201525048 ) ) ;
#338 = CARTESIAN_POINT ( 'NONE',  ( 36.08062515799796444, 21.75220426363125270, 2.001101685508153150 ) ) ;
#339 = CARTESIAN_POINT ( 'NONE',  ( 48.57907204127929646, 27.95786423296967982, 5.230981639216125245 ) ) ;
#340 = CARTESIAN_POINT ( 'NONE',  ( 36.40464985354390137, 5.697241365472138774, 2.859844628178479287 ) ) ;
#341 = CARTESIAN_POINT ( 'NONE',  ( 36.30398327208664000, 2.083649572147214801, 1.678394892567608210 ) ) ;
#342 = CARTESIAN_POINT ( 'NONE',  ( 35.96526542983212238, 7.152088970392618705, 2.039925583643532825 ) ) ;
#343 = CARTESIAN_POINT ( 'NONE',  ( 35.98478224739038467, 1.487777337254102106, 0.4613763187447812442 ) ) ;
#344 = CARTESIAN_POINT ( 'NONE',  ( 75.76474293899700285, 24.58268779384127001, 2.511638977386478899 ) ) ;
#345 = CARTESIAN_POINT ( 'NONE',  ( 56.02618678862906876, 13.58393313636968358, -4.006023084806827228 ) ) ;
#346 = CARTESIAN_POINT ( 'NONE',  ( 74.54814216401605620, 24.26213812583167950, 5.039596462474146499 ) ) ;
#347 = CARTESIAN_POINT ( 'NONE',  ( 97.43076064127136249, 2.810130821028178794, 6.191712531257636876 ) ) ;
#348 = EDGE_CURVE ( 'NONE', #940, #1090, #673, .T. ) ;
#349 = ADVANCED_FACE ( 'NONE', ( #820 ), #1575, .F. ) ;
#350 = CARTESIAN_POINT ( 'NONE',  ( 36.43950999836577154, 4.141455051406641275, 2.465007321793070805 ) ) ;
#351 = CARTESIAN_POINT ( 'NONE',  ( 36.33510958649110734, 2.308887060613736164, 0.8621013704528344146 ) ) ;
#352 = CARTESIAN_POINT ( 'NONE',  ( 125.0000000000000000, 24.67899619552346024, 15.00530020052385716 ) ) ;
#353 = CARTESIAN_POINT ( 'NONE',  ( 124.9999999999994458, 11.94539807539047871, 10.34303380146277007 ) ) ;
#354 = CARTESIAN_POINT ( 'NONE',  ( 106.3498912674617003, 24.57699593581574860, 16.27730793875202409 ) ) ;
#355 = CARTESIAN_POINT ( 'NONE',  ( 36.19592838544911473, 4.557713812799812025, 2.785144273486130473 ) ) ;
#356 = CARTESIAN_POINT ( 'NONE',  ( 34.99203869116594490, 5.039861834976196775, 1.275751695213040104 ) ) ;
#357 = CARTESIAN_POINT ( 'NONE',  ( 122.9899503712194218, 24.87958566235974800, 16.33876709795325155 ) ) ;
#358 = CARTESIAN_POINT ( 'NONE',  ( 97.42761710516614926, 24.07906502568467388, 13.95884983841389193 ) ) ;
#359 = CARTESIAN_POINT ( 'NONE',  ( 36.21127205720498665, 7.091554131332027389, 3.387834072438934641 ) ) ;
#360 = CARTESIAN_POINT ( 'NONE',  ( 35.00000000000000711, 1.156622174375491863, -2.701369109256658061E-13 ) ) ;
#361 = CARTESIAN_POINT ( 'NONE',  ( 125.0000000000001137, 4.032512486924721529, -0.3706798220436787195 ) ) ;
#362 = CARTESIAN_POINT ( 'NONE',  ( 35.95346012379240364, 11.23189968325833554, 2.613927446576449487 ) ) ;
#363 = CARTESIAN_POINT ( 'NONE',  ( 36.29850943611609893, 2.055065220446449459, 1.781847454308142620 ) ) ;
#364 = CARTESIAN_POINT ( 'NONE',  ( 36.12858720082894592, 26.07617067417251633, 0.8116420124338897812 ) ) ;
#365 = CARTESIAN_POINT ( 'NONE',  ( 97.41141111769709937, 2.236515122445688064, 1.269484397048817437 ) ) ;
#366 = CARTESIAN_POINT ( 'NONE',  ( 36.32652999829059581, 2.229851027149215348, 1.148480735137914044 ) ) ;
#367 = CARTESIAN_POINT ( 'NONE',  ( 75.76887061043355232, 23.99083100559777648, 2.814987462227820814 ) ) ;
#368 = CARTESIAN_POINT ( 'NONE',  ( 56.05822714916507721, 10.32427873507201710, -5.854628308481477639 ) ) ;
#369 = CARTESIAN_POINT ( 'NONE',  ( 125.5070610756895064, 24.89703675664918237, 17.12368633392764394 ) ) ;
#370 = CARTESIAN_POINT ( 'NONE',  ( 56.04999481452692578, 4.674363720618714524, -6.338687502151603148 ) ) ;
#371 = CARTESIAN_POINT ( 'NONE',  ( 57.76405735331407953, 26.16062711122724593, 4.295535015859667460 ) ) ;
#372 = CARTESIAN_POINT ( 'NONE',  ( 125.0000000000000000, 23.56363317145999758, 15.82101620355494020 ) ) ;
#373 = VERTEX_POINT ( 'NONE', #279 ) ;
#374 = CARTESIAN_POINT ( 'NONE',  ( 37.60235507366068930, 2.240937969523744577, 1.112016297485696192 ) ) ;
#375 = CARTESIAN_POINT ( 'NONE',  ( 97.41581137559612102, 2.076573284395240027, 0.8970877235389017601 ) ) ;
#376 = CARTESIAN_POINT ( 'NONE',  ( 56.03685787726302436, 2.129073650132917717, -6.941981723873024812 ) ) ;
#377 = CARTESIAN_POINT ( 'NONE',  ( 125.6284828079785854, 23.38477639163960475, 14.72630399761277609 ) ) ;
#378 = CARTESIAN_POINT ( 'NONE',  ( 97.41276151065045497, 0.8331291499926438693, 2.613644155239852829 ) ) ;
#379 = CARTESIAN_POINT ( 'NONE',  ( 35.56232391753393784, 1.802582759893284647, 1.884269384285377269 ) ) ;
#380 = B_SPLINE_CURVE_WITH_KNOTS ( 'NONE', 3,
 ( #764, #885, #645, #1438, #1174, #755, #225, #909 ),
 .UNSPECIFIED., .F., .F.,
 ( 4, 1, 1, 1, 1, 4 ),
 ( 0.000000000000000000, 0.1471968661946200796, 0.3858498788594182383, 0.5970276626889473581, 0.7545165738866664862, 0.9391393517229027488 ),
 .UNSPECIFIED. ) ;
#381 = CARTESIAN_POINT ( 'NONE',  ( 34.99999999999823785, 1.508295522048385351, -0.7188265054825615508 ) ) ;
#382 = EDGE_LOOP ( 'NONE', ( #1491, #300, #1500, #574, #1492, #1332 ) ) ;
#383 = CARTESIAN_POINT ( 'NONE',  ( 34.00000000000000711, 2.418809188993655823, -0.02670981585839081462 ) ) ;
#384 = EDGE_CURVE ( 'NONE', #1630, #940, #75, .T. ) ;
#385 = CARTESIAN_POINT ( 'NONE',  ( 36.10968328141174766, 23.92045393548603727, 1.488777270965345068 ) ) ;
#386 = CARTESIAN_POINT ( 'NONE',  ( 36.17809926588143554, 2.203410030802305464, 1.416845823204570198 ) ) ;
#387 = CARTESIAN_POINT ( 'NONE',  ( 35.00553331890959186, 2.522472958612961058, 0.1146314306468067673 ) ) ;
#388 = CARTESIAN_POINT ( 'NONE',  ( 93.70889265218255559, 24.49896085740778062, 13.48013373921749647 ) ) ;
#389 = CARTESIAN_POINT ( 'NONE',  ( 125.0000000000000000, 1.750204085592158121, -3.014220080040201033 ) ) ;
#390 = VERTEX_POINT ( 'NONE', #427 ) ;
#391 = CARTESIAN_POINT ( 'NONE',  ( 70.96155699050426335, 24.64229867157445497, 4.627459764272927600 ) ) ;
#392 = PRODUCT_DEFINITION_SHAPE ( 'NONE', 'NONE',  #954 ) ;
#393 = CARTESIAN_POINT ( 'NONE',  ( 36.04337713974350521, 19.05609716526399922, 2.404081186198178344 ) ) ;
#394 = CARTESIAN_POINT ( 'NONE',  ( 114.9377386898095779, 1.615083488304881687, -1.693302285360084092 ) ) ;
#395 = CARTESIAN_POINT ( 'NONE',  ( 114.9435547947886960, 1.384451995633531274, -0.9267972419547800822 ) ) ;
#396 = CARTESIAN_POINT ( 'NONE',  ( 78.12273115624951458, 25.27374984526389667, 7.296830171404427468 ) ) ;
#397 = CARTESIAN_POINT ( 'NONE',  ( 36.45664779426546431, 27.77821463167437344, 1.326582381565040158 ) ) ;
#398 = CARTESIAN_POINT ( 'NONE',  ( 43.07333988309153483, 4.395708157140150618, 2.309391989957167990 ) ) ;
#399 = CARTESIAN_POINT ( 'NONE',  ( 47.67660790672481852, 27.83924208953004253, 4.079516261253048448 ) ) ;
#400 = APPLICATION_CONTEXT ( 'automotive_design' ) ;
#401 = CARTESIAN_POINT ( 'NONE',  ( 97.41583864773258483, 2.075719751338442887, 0.8931484638729388914 ) ) ;
#402 = CARTESIAN_POINT ( 'NONE',  ( 35.00000000000000711, 1.153405170321937678, 0.03873207870199135705 ) ) ;
#403 = CARTESIAN_POINT ( 'NONE',  ( 97.41123883202902789, 0.6990482484974211985, 1.400613036756252816 ) ) ;
#404 = B_SPLINE_CURVE_WITH_KNOTS ( 'NONE', 3,
 ( #1650, #450, #815, #459, #600, #1687, #887, #590, #1658, #1120, #1269, #218, #80, #1261, #610, #1565, #881, #350, #997, #1141 ),
 .UNSPECIFIED., .F., .F.,
 ( 4, 2, 2, 2, 2, 2, 2, 2, 2, 4 ),
 ( 1.084202172485504434E-17, 0.003303700734717537803, 0.006607401469435064331, 0.009911102204152592160, 0.01321480293887011825, 0.01486665330622888824, 0.01651850367358765823, 0.01982220440830519820, 0.02312590514302273470, 0.02642960587774027467 ),
 .UNSPECIFIED. ) ;
#405 = CARTESIAN_POINT ( 'NONE',  ( 35.00000000000000711, 26.39544042856573824, -0.4654473859780304812 ) ) ;
#406 = ORIENTED_EDGE ( 'NONE', *, *, #1221, .T. ) ;
#407 = VERTEX_POINT ( 'NONE', #287 ) ;
#408 = CARTESIAN_POINT ( 'NONE',  ( 114.9004515274632894, 3.839454267241542151, 0.9649103249177487518 ) ) ;
#409 = CARTESIAN_POINT ( 'NONE',  ( 34.00000000000000711, 2.423474768924602341, 0.2326165633788024045 ) ) ;
#410 = CARTESIAN_POINT ( 'NONE',  ( 34.99993108204107983, 2.372480462036072435, 0.6372143913170300600 ) ) ;
#411 = CARTESIAN_POINT ( 'NONE',  ( 56.03683806359804009, 2.135514459190850811, -6.944992856762254974 ) ) ;
#412 = CARTESIAN_POINT ( 'NONE',  ( 55.95270571877600219, 28.55663389237502869, 6.747153115644326071 ) ) ;
#413 = CARTESIAN_POINT ( 'NONE',  ( 36.45664779426546431, 27.77821463167437344, 1.326582381565040158 ) ) ;
#414 = EDGE_LOOP ( 'NONE', ( #1482, #792, #1622, #1074, #1207 ) ) ;
#415 = CARTESIAN_POINT ( 'NONE',  ( 114.8796542940789749, 4.305406895607673867, 1.786546545600383507 ) ) ;
#416 = CARTESIAN_POINT ( 'NONE',  ( 36.28098457050026582, 1.956779072453686874, 2.138154979226112307 ) ) ;
#417 = CARTESIAN_POINT ( 'NONE',  ( 34.00000000000000711, 2.317532158252388008, 0.9926951990588952501 ) ) ;
#418 = CARTESIAN_POINT ( 'NONE',  ( 43.08164755061171292, 1.744384816348000689, 2.536464961472596702 ) ) ;
#419 = CARTESIAN_POINT ( 'NONE',  ( 34.00000000000000711, 27.50000000000000000, 0.000000000000000000 ) ) ;
#420 = VERTEX_POINT ( 'NONE', #1505 ) ;
#421 = ORIENTED_EDGE ( 'NONE', *, *, #663, .T. ) ;
#422 = CARTESIAN_POINT ( 'NONE',  ( 75.74757635587234006, 4.703207877449084862, -6.237163212884558661 ) ) ;
#423 = ADVANCED_FACE ( 'NONE', ( #151 ), #1453, .T. ) ;
#424 = CARTESIAN_POINT ( 'NONE',  ( 36.32587150565535694, 2.223564902330642301, 1.171232623035448173 ) ) ;
#425 = CARTESIAN_POINT ( 'NONE',  ( 36.04711673035456698, 17.35343513353480205, 2.778186858406385351 ) ) ;
#426 = CARTESIAN_POINT ( 'NONE',  ( 35.30175882622565808, 3.429255701696082514, 1.990913051856314953 ) ) ;
#427 = CARTESIAN_POINT ( 'NONE',  ( 36.48990307090773655, 2.045032939336402400, 1.823619922670432603 ) ) ;
#428 = CARTESIAN_POINT ( 'NONE',  ( 125.0000000000000000, 25.26832812205560330, 15.43177325171376602 ) ) ;
#429 = CARTESIAN_POINT ( 'NONE',  ( 37.46511911726337729, 25.91148523137826487, 1.077975226905147021 ) ) ;
#430 = ORIENTED_EDGE ( 'NONE', *, *, #482, .F. ) ;
#431 = CARTESIAN_POINT ( 'NONE',  ( 124.9999999999999716, 2.511127247554996611, -3.852235262353318923 ) ) ;
#432 = B_SPLINE_CURVE_WITH_KNOTS ( 'NONE', 3,
 ( #837, #292, #818, #716, #1358, #557, #1369, #1653, #164, #453 ),
 .UNSPECIFIED., .F., .F.,
 ( 4, 2, 2, 2, 4 ),
 ( -6.986519280074217787E-05, 0.0004494684653758084869, 0.0009688021235523591517, 0.001488135781728909708, 0.002007469439905460590 ),
 .UNSPECIFIED. ) ;
#433 = CARTESIAN_POINT ( 'NONE',  ( 75.75067390057861871, 2.268774907979657307, -6.366932707318015972 ) ) ;
#434 = CARTESIAN_POINT ( 'NONE',  ( 75.73636251539140574, 10.35093757116772473, -4.273622460687559688 ) ) ;
#435 = CARTESIAN_POINT ( 'NONE',  ( 35.25997559162259165, 5.725328391415165363, 2.597159799787361223 ) ) ;
#436 = CARTESIAN_POINT ( 'NONE',  ( 34.00000000000000711, 2.253404051128972796, 0.7495867880881867951 ) ) ;
#437 = CARTESIAN_POINT ( 'NONE',  ( 43.26459045457928454, 18.34037608790052332, 4.450887007038601517 ) ) ;
#438 = CARTESIAN_POINT ( 'NONE',  ( 76.40514324651438471, 25.46694260872346405, 6.826064991841397145 ) ) ;
#439 = CARTESIAN_POINT ( 'NONE',  ( 34.96699728173707911, 27.86737718926424279, 2.266854608100882018 ) ) ;
#440 = CARTESIAN_POINT ( 'NONE',  ( 34.00000000000000711, 27.81250000000000000, 0.9499177595981707078 ) ) ;
#441 = ORIENTED_EDGE ( 'NONE', *, *, #1129, .T. ) ;
#442 = ORIENTED_EDGE ( 'NONE', *, *, #1589, .F. ) ;
#443 = CARTESIAN_POINT ( 'NONE',  ( 56.05511315832679031, 11.41991717699487729, -6.623954311158947839 ) ) ;
#444 = CARTESIAN_POINT ( 'NONE',  ( 125.0000000000000284, 23.74272664792851728, 14.81975356613655137 ) ) ;
#445 = CARTESIAN_POINT ( 'NONE',  ( 114.7580851515895972, 7.432449815666469561, 6.201870203916524993 ) ) ;
#446 = PRESENTATION_LAYER_ASSIGNMENT (  '', '', ( #1198 ) ) ;
#447 = CARTESIAN_POINT ( 'NONE',  ( 36.00234630906306421, 26.45351591192754270, 1.741139427624442737 ) ) ;
#448 = CARTESIAN_POINT ( 'NONE',  ( 74.48722732057541407, 25.69065403473029363, 6.475100448170170608 ) ) ;
#449 = CARTESIAN_POINT ( 'NONE',  ( 34.74200353957125742, 16.37431418285090245, 4.560381437554450912 ) ) ;
#450 = CARTESIAN_POINT ( 'NONE',  ( 36.43493473763021484, 26.74462072896239917, 1.707461257529989007 ) ) ;
#451 = CARTESIAN_POINT ( 'NONE',  ( 65.81954566277892127, 26.59128928825745675, 4.935572863545399258 ) ) ;
#452 = CARTESIAN_POINT ( 'NONE',  ( 43.04996656353601736, 7.597025947859069817, 3.059795930236220762 ) ) ;
#453 = CARTESIAN_POINT ( 'NONE',  ( 34.99999999999997868, 29.29029059727000472, 1.743330381404892382 ) ) ;
#454 = CARTESIAN_POINT ( 'NONE',  ( 33.99999999999999289, 13.68117821098704567, 1.987585906649782963 ) ) ;
#455 = B_SPLINE_CURVE_WITH_KNOTS ( 'NONE', 3,
 ( #96, #1297, #1433, #72, #1681, #1143, #751, #1011 ),
 .UNSPECIFIED., .F., .F.,
 ( 4, 1, 1, 1, 1, 4 ),
 ( 0.02418483462511761967, 0.06529055286195016572, 0.2354486167818587439, 0.4509168125772553548, 0.6769853571174412332, 1.000000000000000000 ),
 .UNSPECIFIED. ) ;
#456 = CARTESIAN_POINT ( 'NONE',  ( 75.78398035451000680, 19.94095149220916241, 3.523921533506344073 ) ) ;
#457 = CARTESIAN_POINT ( 'NONE',  ( 74.62832168662765753, 25.39315774194416875, 5.347257433192406317 ) ) ;
#458 = CARTESIAN_POINT ( 'NONE',  ( 34.98138723581367771, 28.51690696592558893, 2.034740818429721099 ) ) ;
#459 = CARTESIAN_POINT ( 'NONE',  ( 36.36230980852844397, 23.57754359957144885, 2.634110044990979560 ) ) ;
#460 = CARTESIAN_POINT ( 'NONE',  ( 56.18199722908686056, 27.34183997715631165, 6.556067460789058110 ) ) ;
#461 = CARTESIAN_POINT ( 'NONE',  ( 75.74047861119790070, 6.669281875610005628, -5.010900952912294315 ) ) ;
#462 = CARTESIAN_POINT ( 'NONE',  ( 36.31088802747291311, 2.122283477856020895, 1.538484348418785563 ) ) ;
#463 = CARTESIAN_POINT ( 'NONE',  ( 125.0000000000000568, 12.21379496549581489, 9.324931469862891120 ) ) ;
#464 = CARTESIAN_POINT ( 'NONE',  ( 35.01278700086761120, 1.336071922068229556, 0.1361668724268430275 ) ) ;
#465 = CARTESIAN_POINT ( 'NONE',  ( 55.92829655681856593, 22.30487743791355371, 1.534548500768045720 ) ) ;
#466 = CARTESIAN_POINT ( 'NONE',  ( 35.98679449832302168, 23.23239138514295732, 2.734753524681655890 ) ) ;
#467 = CARTESIAN_POINT ( 'NONE',  ( 83.01779457557680075, 24.72653298930799437, 8.008725618469838992 ) ) ;
#468 = CARTESIAN_POINT ( 'NONE',  ( 35.32263658239251924, 27.80440136191218414, 1.127494637782205711 ) ) ;
#469 = CARTESIAN_POINT ( 'NONE',  ( 34.94722743573041157, 18.60959632036888323, 2.222539923832200781 ) ) ;
#470 = CARTESIAN_POINT ( 'NONE',  ( 46.12942345609354788, 28.00065613419255328, 2.655607166319774226 ) ) ;
#471 = CARTESIAN_POINT ( 'NONE',  ( 36.19085873892806404, 27.10336442644793209, 0.9019179095788513179 ) ) ;
#472 = CARTESIAN_POINT ( 'NONE',  ( 36.49910451954342250, 1.657123319052481891, 1.697423412519588393 ) ) ;
#473 = CARTESIAN_POINT ( 'NONE',  ( 35.00000000000000711, 24.16280949490191787, 9.411114730408299351E-15 ) ) ;
#474 = CARTESIAN_POINT ( 'NONE',  ( 35.98300131030894988, 4.728019623811238858, 1.466164128070822636 ) ) ;
#475 = CARTESIAN_POINT ( 'NONE',  ( 34.99450427124071439, 2.258961629395464410, -0.6214398772609405208 ) ) ;
#476 = CARTESIAN_POINT ( 'NONE',  ( 125.0000000000000284, 21.43467813023696067, 14.14679946540635491 ) ) ;
#477 = CARTESIAN_POINT ( 'NONE',  ( 43.32577602079685875, 24.97954834262704793, 3.316775636013227668 ) ) ;
#478 = CARTESIAN_POINT ( 'NONE',  ( 88.20505269949103422, 24.59533545527091647, 10.37472371821677264 ) ) ;
#479 = CARTESIAN_POINT ( 'NONE',  ( 36.45425724203245466, 27.66409037282448224, 1.368737090523212574 ) ) ;
#480 = CARTESIAN_POINT ( 'NONE',  ( 36.03746170807345806, 18.63241703869730159, 2.458419084941633415 ) ) ;
#481 = CARTESIAN_POINT ( 'NONE',  ( 35.00003189805799053, 28.13563813118381418, -0.08062270978309706015 ) ) ;
#482 = EDGE_CURVE ( 'NONE', #693, #834, #1509, .T. ) ;
#483 = CARTESIAN_POINT ( 'NONE',  ( 119.9755726723523992, 24.80906195042562956, 16.79658365622109528 ) ) ;
#484 = CARTESIAN_POINT ( 'NONE',  ( 114.9293187231047710, 16.63318743257455878, 10.38594336701546084 ) ) ;
#485 = CARTESIAN_POINT ( 'NONE',  ( 75.74000598138636065, 6.931660978683925833, -3.926422141484374073 ) ) ;
#486 = CARTESIAN_POINT ( 'NONE',  ( 75.75881016289488912, 25.33400108736145739, 3.118780159770980553 ) ) ;
#487 = CARTESIAN_POINT ( 'NONE',  ( 56.05325469261351401, 5.637387558791574271, -6.346612414967287563 ) ) ;
#488 = CARTESIAN_POINT ( 'NONE',  ( 34.97681224593896587, 11.33521568818938619, 1.278436504434277587 ) ) ;
#489 = CARTESIAN_POINT ( 'NONE',  ( 36.16186172416205125, 26.72512402399404507, 0.8051678283979325501 ) ) ;
#490 = CARTESIAN_POINT ( 'NONE',  ( 36.33192996359851179, 2.276667538813964331, 0.9788723802136556351 ) ) ;
#491 = B_SPLINE_CURVE_WITH_KNOTS ( 'NONE', 3,
 ( #926, #372, #1184, #254, #654, #1716, #274, #1458, #1577, #784, #661, #905, #1441, #1724, #1050, #668, #1584, #389, #920, #933 ),
 .UNSPECIFIED., .F., .F.,
 ( 4, 1, 1, 1, 1, 1, 1, 1, 1, 1, 1, 1, 1, 1, 1, 1, 1, 4 ),
 ( 0.01066768343603967731, 0.1250000000000000000, 0.2500000000000000000, 0.3750000000000000000, 0.4375000000000000000, 0.5000000000000000000, 0.5625000000000000000, 0.6250000000000000000, 0.6875000000000000000, 0.7500000000000000000, 0.8125000000000000000, 0.8437500000000000000, 0.8750000000000000000, 0.9062500000000000000, 0.9375000000000000000, 0.9687500000000000000, 0.9843750000000000000, 1.000000000000000000 ),
 .UNSPECIFIED. ) ;
#492 = CARTESIAN_POINT ( 'NONE',  ( 35.90928758136968924, 27.87149877111471952, 1.312690014510066394 ) ) ;
#493 = CARTESIAN_POINT ( 'NONE',  ( 43.04916791529674924, 9.948944709170190137, 4.430082285613551996 ) ) ;
#494 = CARTESIAN_POINT ( 'NONE',  ( 104.4291396705868777, 24.55807441185663009, 16.05936000338538250 ) ) ;
#495 = CARTESIAN_POINT ( 'NONE',  ( 43.07929328615443154, 2.553790839945427216, 2.797263570179580050 ) ) ;
#496 = CARTESIAN_POINT ( 'NONE',  ( 34.99927439133863771, 3.346017262514162205, -0.2730209461347858912 ) ) ;
#497 = CARTESIAN_POINT ( 'NONE',  ( 36.32555203499800456, 2.221101823828797617, 1.180169515346418674 ) ) ;
#498 = CARTESIAN_POINT ( 'NONE',  ( 75.75245146200907698, 1.909314173307071538, -7.635404854953774745 ) ) ;
#499 = CARTESIAN_POINT ( 'NONE',  ( 35.01867324155194439, 1.240985272677217921, 0.8801260742214320754 ) ) ;
#500 = CARTESIAN_POINT ( 'NONE',  ( 55.93468828713022134, 27.01510609278414421, 5.229368229163052106 ) ) ;
#501 = CARTESIAN_POINT ( 'NONE',  ( 36.19160022041941005, 11.69869926525254655, 3.996194216399109322 ) ) ;
#502 = CARTESIAN_POINT ( 'NONE',  ( 112.1953113454892019, 24.23188350521961354, 14.92909164727416815 ) ) ;
#503 = CARTESIAN_POINT ( 'NONE',  ( 43.07215192794086533, 3.771715835407534634, 3.163966182868061416 ) ) ;
#504 = CARTESIAN_POINT ( 'NONE',  ( 34.99692365965003660, 2.741813545621005321, -0.4656378774936868470 ) ) ;
#505 = CARTESIAN_POINT ( 'NONE',  ( 36.29850839449910183, 2.055059900073569867, 1.781866705506955029 ) ) ;
#506 = CARTESIAN_POINT ( 'NONE',  ( 36.17093886910463851, 26.85276118381667843, 0.8292283008155829638 ) ) ;
#507 = ORIENTED_EDGE ( 'NONE', *, *, #836, .F. ) ;
#508 = CARTESIAN_POINT ( 'NONE',  ( 95.94205088059601394, 24.34766640423507766, 12.97073125160083507 ) ) ;
#509 = CARTESIAN_POINT ( 'NONE',  ( 35.00000000000000711, 25.43786612632269239, -0.3101429117233375776 ) ) ;
#510 = CARTESIAN_POINT ( 'NONE',  ( 56.03684466815303722, 2.133367522838206298, -6.943989145799178253 ) ) ;
#511 = CARTESIAN_POINT ( 'NONE',  ( 110.2906805662914564, 24.29952233217311885, 14.95753764345954018 ) ) ;
#512 = CARTESIAN_POINT ( 'NONE',  ( 97.41373763931684948, 0.9699581992082075832, 3.163773833641243094 ) ) ;
#513 = CARTESIAN_POINT ( 'NONE',  ( 79.80317162520516661, 25.09504482407695036, 7.822442003949769962 ) ) ;
#514 = CARTESIAN_POINT ( 'NONE',  ( 34.99918347594539370, 27.62469190732308633, 1.060689633987778713 ) ) ;
#515 = ORIENTED_EDGE ( 'NONE', *, *, #1280, .T. ) ;
#516 = CARTESIAN_POINT ( 'NONE',  ( 89.79969706626904724, 24.15331835335904387, 10.47614045840800934 ) ) ;
#517 = CARTESIAN_POINT ( 'NONE',  ( 56.31941350281297787, 27.39967578091759037, 5.832219700229295256 ) ) ;
#518 = PRODUCT ( 'single blade fan', 'single blade fan', '', ( #727 ) ) ;
#519 = CARTESIAN_POINT ( 'NONE',  ( 125.0000000000000000, 0.9912965560739186444, -3.105416366517994575 ) ) ;
#520 = CARTESIAN_POINT ( 'NONE',  ( 75.75041203304836301, 2.692753826921401306, -6.251674759503495160 ) ) ;
#521 = CARTESIAN_POINT ( 'NONE',  ( 96.22887626018112428, 24.50434246734864985, 14.31770813106763640 ) ) ;
#522 = CARTESIAN_POINT ( 'NONE',  ( 36.32551003314737414, 2.221120304395625578, 1.180101826462086390 ) ) ;
#523 = ORIENTED_EDGE ( 'NONE', *, *, #1324, .F. ) ;
#524 = CARTESIAN_POINT ( 'NONE',  ( 97.41172055512741679, 2.204603242914750627, 1.487976673433337504 ) ) ;
#525 = CARTESIAN_POINT ( 'NONE',  ( 58.94080804894475278, 27.17113785896797395, 5.948391709284854834 ) ) ;
#526 = APPLICATION_CONTEXT ( 'automotive_design' ) ;
#527 = CARTESIAN_POINT ( 'NONE',  ( 34.00000000000000711, 2.385212153386904177, 0.3489248450682035929 ) ) ;
#528 = EDGE_CURVE ( 'NONE', #969, #373, #190, .T. ) ;
#529 = CARTESIAN_POINT ( 'NONE',  ( 35.00000000000000711, 1.131298348415076926, 0.3048834502174189165 ) ) ;
#530 = CARTESIAN_POINT ( 'NONE',  ( 115.4344252761797520, 24.69299668595466812, 16.82412543881014244 ) ) ;
#531 = CARTESIAN_POINT ( 'NONE',  ( 36.23504628964822416, 27.56947058989416632, 1.140791080020287174 ) ) ;
#532 = CARTESIAN_POINT ( 'NONE',  ( 114.9312202172217496, 2.876634784879307016, -0.6007425990501858992 ) ) ;
#533 = B_SPLINE_SURFACE_WITH_KNOTS ( 'NONE', 3, 3, ( 
 ( #1588, #1580, #1068, #376, #1445, #1060, #1326, #251 ),
 ( #140, #259, #643, #780, #1711, #401, #665, #1454 ),
 ( #658, #811, #1188, #510, #1603, #1194, #1470, #917 ),
 ( #527, #386, #1728, #265, #1172, #1039, #930, #519 ),
 ( #409, #542, #795, #908, #787, #271, #1054, #923 ),
 ( #132, #535, #1597, #802, #1610, #1334, #394, #6 ),
 ( #1310, #672, #118, #651, #1202, #12, #937, #1181 ) ),
 .UNSPECIFIED., .F., .F., .F.,
 ( 4, 3, 4 ),
 ( 4, 1, 1, 1, 1, 4 ),
 ( -0.01000000000000000021, 0.000000000000000000, 1.000000000000000000 ),
 ( 0.000000000000000000, 0.06529055286195016572, 0.2354486167818587439, 0.4509168125772553548, 0.6769853571174412332, 1.000000000000000000 ),
 .UNSPECIFIED. ) ;
#534 = CARTESIAN_POINT ( 'NONE',  ( 48.53184922621034048, 27.81718520411671491, 4.324588011093711160 ) ) ;
#535 = CARTESIAN_POINT ( 'NONE',  ( 36.17602903068033271, 2.262686455969029176, 1.180214303845932955 ) ) ;
#536 = CARTESIAN_POINT ( 'NONE',  ( 97.41148046338562949, 0.7080653550088863435, 1.615973759966530920 ) ) ;
#537 = CARTESIAN_POINT ( 'NONE',  ( 38.01111573602948113, 25.93648857464890867, 1.163371682419658493 ) ) ;
#538 = CARTESIAN_POINT ( 'NONE',  ( 34.93912498692783686, 28.31764694796872206, 2.114300024612789652 ) ) ;
#539 = ORIENTED_EDGE ( 'NONE', *, *, #34, .T. ) ;
#540 = ORIENTED_EDGE ( 'NONE', *, *, #250, .T. ) ;
#541 = CARTESIAN_POINT ( 'NONE',  ( 97.41591125804633577, 2.254529719016006961, 3.266312675262761811 ) ) ;
#542 = CARTESIAN_POINT ( 'NONE',  ( 36.17706414828088413, 2.233048243385667764, 1.298530063525252132 ) ) ;
#543 = FACE_OUTER_BOUND ( 'NONE', #173, .T. ) ;
#544 = CARTESIAN_POINT ( 'NONE',  ( 36.18514964586827176, 2.049989041200553697, 2.027741073979405950 ) ) ;
#545 = CARTESIAN_POINT ( 'NONE',  ( 35.00000000000071054, 28.04240618055174394, -0.1072514418259896685 ) ) ;
#546 = ORIENTED_EDGE ( 'NONE', *, *, #1457, .F. ) ;
#547 = ORIENTED_EDGE ( 'NONE', *, *, #642, .T. ) ;
#548 = CARTESIAN_POINT ( 'NONE',  ( 97.43382271124191618, 3.478388790810286846, 5.256476117675325632 ) ) ;
#549 = B_SPLINE_CURVE_WITH_KNOTS ( 'NONE', 3,
 ( #278, #1069, #529, #402, #1203, #1479, #1471 ),
 .UNSPECIFIED., .F., .F.,
 ( 4, 3, 4 ),
 ( 1.076585488435579275E-05, 0.0008119695600253330238, 0.0008508350078637261444 ),
 .UNSPECIFIED. ) ;
#550 = CARTESIAN_POINT ( 'NONE',  ( 124.9999999999999574, 23.42205040770150504, 14.71691046801885960 ) ) ;
#551 = CARTESIAN_POINT ( 'NONE',  ( 36.34430077507735035, 2.368283206542202812, 0.6471423751431278903 ) ) ;
#552 = CARTESIAN_POINT ( 'NONE',  ( 36.48072642925399123, 29.10302946372392441, 0.8294334139035989262 ) ) ;
#553 = CARTESIAN_POINT ( 'NONE',  ( 35.00000000000002132, 2.118422959721187659, 2.603227316630894350 ) ) ;
#554 = ORIENTED_EDGE ( 'NONE', *, *, #740, .F. ) ;
#555 = VERTEX_POINT ( 'NONE', #632 ) ;
#556 = CARTESIAN_POINT ( 'NONE',  ( 34.00000000000001421, 4.798870015709038483, 0.6833956791892964455 ) ) ;
#557 = CARTESIAN_POINT ( 'NONE',  ( 35.00000000000000711, 29.02262599203009330, 0.9295912055513744221 ) ) ;
#558 = CARTESIAN_POINT ( 'NONE',  ( 33.99999999999998579, 14.99999999999998934, 2.013669711198991852 ) ) ;
#559 = CARTESIAN_POINT ( 'NONE',  ( 34.95122885344108710, 1.347280312871990793, 2.525598407307473092 ) ) ;
#560 = CARTESIAN_POINT ( 'NONE',  ( 43.08136511172257599, 1.739021258869811737, 2.556494621829830560 ) ) ;
#561 = CARTESIAN_POINT ( 'NONE',  ( 35.00000000000000711, 21.13164115344653382, 3.671946693859226674 ) ) ;
#562 = ORIENTED_EDGE ( 'NONE', *, *, #1457, .T. ) ;
#563 = ORIENTED_EDGE ( 'NONE', *, *, #1543, .F. ) ;
#564 = CARTESIAN_POINT ( 'NONE',  ( 56.03455659312635362, 2.702800692497345114, -7.257764585380252598 ) ) ;
#565 = CARTESIAN_POINT ( 'NONE',  ( 125.0000000000000000, 24.71153303447831817, 15.72436983611042294 ) ) ;
#566 = CARTESIAN_POINT ( 'NONE',  ( 114.8660077165385758, 13.86812164978846518, 9.359897098764431433 ) ) ;
#567 = CARTESIAN_POINT ( 'NONE',  ( 36.38024177697537453, 6.856800199341432034, 3.111132923629138514 ) ) ;
#568 = CARTESIAN_POINT ( 'NONE',  ( 75.75067061365577104, 2.270962827375248683, -6.340287130562417772 ) ) ;
#569 = CARTESIAN_POINT ( 'NONE',  ( 55.94058835182074318, 19.82059468728526141, 1.152299414822303136 ) ) ;
#570 = CARTESIAN_POINT ( 'NONE',  ( 96.29417592583639873, 24.35412390914217440, 13.08273682422999507 ) ) ;
#571 = CARTESIAN_POINT ( 'NONE',  ( 34.81079412825362596, 21.21948386039839463, 4.005115369890257959 ) ) ;
#572 = CARTESIAN_POINT ( 'NONE',  ( 35.00000000000002842, 1.539166319133381089, 2.447835268664997344 ) ) ;
#573 = CARTESIAN_POINT ( 'NONE',  ( 36.48034088015469933, 27.69211649393330532, 0.3256629546001608144 ) ) ;
#574 = ORIENTED_EDGE ( 'NONE', *, *, #663, .F. ) ;
#575 = CARTESIAN_POINT ( 'NONE',  ( 75.73510807164421976, 9.242193108282339864, -4.418323291227226335 ) ) ;
#576 = CARTESIAN_POINT ( 'NONE',  ( 34.93804029704969594, 0.6768891486496881882, 2.221209642407560025 ) ) ;
#577 = CARTESIAN_POINT ( 'NONE',  ( 55.93777926789469035, 20.75697976736164918, 0.4433865835179098824 ) ) ;
#578 = EDGE_CURVE ( 'NONE', #927, #407, #1526, .T. ) ;
#579 = CARTESIAN_POINT ( 'NONE',  ( 97.42106625673311271, 23.39234180220062598, 13.91782495590060442 ) ) ;
#580 = CARTESIAN_POINT ( 'NONE',  ( 95.39795101634663865, 24.33660146458682050, 12.78855541055801481 ) ) ;
#581 = CARTESIAN_POINT ( 'NONE',  ( 34.86325329286233199, 23.60863013032458824, 3.520300681260485121 ) ) ;
#582 = CARTESIAN_POINT ( 'NONE',  ( 35.00000000000001421, 26.41073366869963479, 2.578797783973580948 ) ) ;
#583 = CARTESIAN_POINT ( 'NONE',  ( 64.77206550042888011, 25.39023158857743567, 4.427275905057042493 ) ) ;
#584 = CARTESIAN_POINT ( 'NONE',  ( 125.0000000000001137, 6.770644351422833829, 3.640104604203436178 ) ) ;
#585 = CARTESIAN_POINT ( 'NONE',  ( 35.00000000000000711, 1.045989116976590472, 1.323113764162923811 ) ) ;
#586 = CARTESIAN_POINT ( 'NONE',  ( 114.7917917722389944, 11.12811010023232150, 8.418087170268259811 ) ) ;
#587 = CARTESIAN_POINT ( 'NONE',  ( 43.30940510425048728, 26.62297846593035189, 2.845493865955433410 ) ) ;
#588 = CARTESIAN_POINT ( 'NONE',  ( 79.42066319687349107, 24.93397400861942970, 6.600048055747370412 ) ) ;
#589 = CARTESIAN_POINT ( 'NONE',  ( 35.32016507745377254, 27.62934556020155696, 1.191507682845770244 ) ) ;
#590 = CARTESIAN_POINT ( 'NONE',  ( 36.27414770706199221, 17.11823122256787855, 3.688433481514643120 ) ) ;
#591 = CARTESIAN_POINT ( 'NONE',  ( 67.70474785197600909, 26.40308670970564364, 6.243322591773749153 ) ) ;
#592 = CARTESIAN_POINT ( 'NONE',  ( 114.8337068244677823, 5.268986557047599995, 3.388631039960465774 ) ) ;
#593 = CARTESIAN_POINT ( 'NONE',  ( 35.00000000000002132, 20.91315446655187316, 0.9291360693091351708 ) ) ;
#594 = CARTESIAN_POINT ( 'NONE',  ( 55.97485317886174983, 17.59841430236570758, -2.023179115608120249 ) ) ;
#595 = APPLICATION_PROTOCOL_DEFINITION ( 'draft international standard', 'automotive_design', 1998, #526 ) ;
#596 = CARTESIAN_POINT ( 'NONE',  ( 97.40291744818492248, 17.87761812149330609, 8.422370526772320787 ) ) ;
#597 = CARTESIAN_POINT ( 'NONE',  ( 34.00000000000000711, 27.29237136699062205, 1.121027517440993382 ) ) ;
#598 = CARTESIAN_POINT ( 'NONE',  ( 70.60389357537111721, 26.12434012711066700, 6.178783586172590603 ) ) ;
#599 = CARTESIAN_POINT ( 'NONE',  ( 36.42277944153438085, 26.24752191024409242, 1.860970089808585248 ) ) ;
#600 = CARTESIAN_POINT ( 'NONE',  ( 36.34000154603006649, 22.51218234780622041, 2.882885816594924044 ) ) ;
#601 = CARTESIAN_POINT ( 'NONE',  ( 50.65776158544839092, 26.33995899909123040, 3.481202643190868251 ) ) ;
#602 = CARTESIAN_POINT ( 'NONE',  ( 34.99678180296984920, 25.83834575820236523, -0.4752220354414563586 ) ) ;
#603 = CARTESIAN_POINT ( 'NONE',  ( 36.31879646809596096, 10.36393676536859054, 3.643317411082940716 ) ) ;
#604 = CARTESIAN_POINT ( 'NONE',  ( 35.00000000000000711, 15.05330026295411727, 1.679921737664729520 ) ) ;
#605 = CARTESIAN_POINT ( 'NONE',  ( 75.75072493550941033, 2.234803829102617989, -6.780649497576193063 ) ) ;
#606 = CARTESIAN_POINT ( 'NONE',  ( 35.99197446407368517, 21.37750423782648923, 2.127444744366689733 ) ) ;
#607 = CARTESIAN_POINT ( 'NONE',  ( 125.0000000000001421, 19.10064782695954122, 14.30233025307665962 ) ) ;
#608 = CARTESIAN_POINT ( 'NONE',  ( 80.33425221690559681, 24.87057333133809678, 6.930167845995557130 ) ) ;
#609 = CARTESIAN_POINT ( 'NONE',  ( 35.32409427796022783, 27.90938158453959161, 1.088836687571939743 ) ) ;
#610 = CARTESIAN_POINT ( 'NONE',  ( 36.33290916511466406, 9.468789662693675169, 3.536424246010505090 ) ) ;
#611 = CARTESIAN_POINT ( 'NONE',  ( 57.15296908070120452, 27.26130917419472866, 6.603765167628314892 ) ) ;
#612 =( BOUNDED_SURFACE ( )  B_SPLINE_SURFACE ( 3, 2, ( 
 ( #1189, #286, #1590 ),
 ( #1604, #387, #680 ),
 ( #28, #410, #551 ),
 ( #1327, #1351, #659 ) ),
 .UNSPECIFIED., .F., .F., .F. ) 
 B_SPLINE_SURFACE_WITH_KNOTS ( ( 4, 4 ),
 ( 3, 3 ),
 ( 0.0001435635796978177510, 0.001832464900843982971 ),
 ( 0.000000000000000000, 1.000000000000000000 ),
 .UNSPECIFIED. ) 
 GEOMETRIC_REPRESENTATION_ITEM ( )  RATIONAL_B_SPLINE_SURFACE ( (
 ( 1.000000000000000000, 0.7057188067620561167, 1.000000000000000000),
 ( 1.000000000000000000, 0.7058544613226584996, 1.000000000000000000),
 ( 1.000000000000000000, 0.7059831808824840182, 1.000000000000000000),
 ( 1.000000000000000000, 0.7063654487002122284, 1.000000000000000000) ) ) 
 REPRESENTATION_ITEM ( '' )  SURFACE ( )  );
#613 = EDGE_CURVE ( 'NONE', #1224, #1593, #149, .T. ) ;
#614 = CARTESIAN_POINT ( 'NONE',  ( 35.00239962693999018, 27.51573795721447624, 0.9799461807433347271 ) ) ;
#615 = B_SPLINE_CURVE_WITH_KNOTS ( 'NONE', 3,
 ( #922, #1587, #915, #1461, #264, #1452, #786, #1059, #650, #1325, #525, #517, #1193, #1602, #1719, #929, #125, #534, #399, #657, #1595, #1187, #1727, #911, #1722, #1062 ),
 .UNSPECIFIED., .F., .F.,
 ( 4, 2, 2, 2, 2, 2, 2, 2, 2, 2, 2, 2, 4 ),
 ( 1.450647921032827968E-16, 0.002671430443291178316, 0.005342860886582211782, 0.01068572177316432122, 0.01602858265974642718, 0.02137144354632855570, 0.02404287398961961822, 0.02671430443291068074, 0.02938573487620174327, 0.03205716531949280579, 0.03740002620607493083, 0.04007145664936600377, 0.04274288709265706282 ),
 .UNSPECIFIED. ) ;
#616 = CARTESIAN_POINT ( 'NONE',  ( 36.29851464399670391, 2.055091822304023985, 1.781751198300298711 ) ) ;
#617 = CARTESIAN_POINT ( 'NONE',  ( 35.21613324295888958, 1.669414143487561120, 1.002770298430222917 ) ) ;
#618 = CARTESIAN_POINT ( 'NONE',  ( 43.32790485487351617, 24.72774202505756946, 2.346256771368191441 ) ) ;
#619 = CARTESIAN_POINT ( 'NONE',  ( 43.04895707417651352, 6.908496171548595299, 3.946714884690825542 ) ) ;
#620 = CARTESIAN_POINT ( 'NONE',  ( 100.6259265924725383, 24.52711713332027088, 15.43423382606628280 ) ) ;
#621 = CARTESIAN_POINT ( 'NONE',  ( 97.41935223441451797, 1.670968420324402848, 4.770931479380431384 ) ) ;
#622 = CARTESIAN_POINT ( 'NONE',  ( 35.95354319549986144, 9.119220580738570447, 2.377419405531532526 ) ) ;
#623 = CARTESIAN_POINT ( 'NONE',  ( 36.32337725549852792, 2.204396548888693186, 1.240781058047495167 ) ) ;
#624 = CARTESIAN_POINT ( 'NONE',  ( 36.33427726648764633, 2.300126193669724817, 0.8938552744087708835 ) ) ;
#625 = CARTESIAN_POINT ( 'NONE',  ( 34.00000000000001421, 24.42960921165472143, 0.8868493546731305299 ) ) ;
#626 = CARTESIAN_POINT ( 'NONE',  ( 75.74397346294068711, 12.84356464793646069, -2.605134258877448872 ) ) ;
#627 = CARTESIAN_POINT ( 'NONE',  ( 125.5649153133433060, 25.34801831358088720, 15.16340863499014979 ) ) ;
#628 = CARTESIAN_POINT ( 'NONE',  ( 56.04730666137459139, 3.879759542088978108, -6.341556309920840739 ) ) ;
#629 = CARTESIAN_POINT ( 'NONE',  ( 34.99993422777679086, 5.298174916420776981, 0.2806132460517634097 ) ) ;
#630 = CARTESIAN_POINT ( 'NONE',  ( 36.12208520794700917, 25.82476906594882848, 0.8779442407049059538 ) ) ;
#631 = CARTESIAN_POINT ( 'NONE',  ( 43.79208878907022751, 2.049646149026728370, 1.093059522728314414 ) ) ;
#632 = CARTESIAN_POINT ( 'NONE',  ( 35.00000000000000711, 28.25851680687842205, 1.877664171203367438E-10 ) ) ;
#633 = CARTESIAN_POINT ( 'NONE',  ( 125.0000000000002274, 15.98248301508378333, 11.59721470308937263 ) ) ;
#634 = CARTESIAN_POINT ( 'NONE',  ( 75.73421310299080744, 9.732168852730717745, -3.347630016076192927 ) ) ;
#635 = CARTESIAN_POINT ( 'NONE',  ( 123.7170240757495208, 25.26819463781091812, 15.25253947096382134 ) ) ;
#636 = CARTESIAN_POINT ( 'NONE',  ( 114.9352545781122927, 2.074762688267785204, 0.04061637380641693051 ) ) ;
#637 = CARTESIAN_POINT ( 'NONE',  ( 34.99638242098228602, 2.621136222998939225, -0.5047092052742084833 ) ) ;
#638 = CARTESIAN_POINT ( 'NONE',  ( 104.8546781988661962, 24.56225053832256577, 16.10854094599214292 ) ) ;
#639 = SURFACE_SIDE_STYLE ('',( #1423 ) ) ;
#640 = CARTESIAN_POINT ( 'NONE',  ( 93.27217166547485760, 24.27966084030837379, 11.98801401684079337 ) ) ;
#641 = CARTESIAN_POINT ( 'NONE',  ( 36.29766178575941638, 2.050754475113730102, 1.797444721679799517 ) ) ;
#642 = EDGE_CURVE ( 'NONE', #1641, #269, #1485, .T. ) ;
#643 = CARTESIAN_POINT ( 'NONE',  ( 43.09039229180707054, 1.910293732845569581, 1.916785030017164049 ) ) ;
#644 = CARTESIAN_POINT ( 'NONE',  ( 114.7759181777538515, 6.397172276157991000, 6.371375508418125833 ) ) ;
#645 = CARTESIAN_POINT ( 'NONE',  ( 125.0000000000000000, 5.522442597497005501, -0.2431625765599929323 ) ) ;
#646 = CARTESIAN_POINT ( 'NONE',  ( 125.0000000000000853, 2.375940877300521947, -2.740456466704691341 ) ) ;
#647 = CARTESIAN_POINT ( 'NONE',  ( 39.89703760442695568, 26.00489984101661989, 1.476643801010965928 ) ) ;
#648 = CARTESIAN_POINT ( 'NONE',  ( 36.39050475164366816, 27.77409770218076090, 1.317055136743142008 ) ) ;
#649 = CARTESIAN_POINT ( 'NONE',  ( 124.8806715329544090, 23.42924981406962459, 14.71537010527084988 ) ) ;
#650 = CARTESIAN_POINT ( 'NONE',  ( 64.20904300105027573, 26.63725386138469275, 5.778145884666044729 ) ) ;
#651 = CARTESIAN_POINT ( 'NONE',  ( 56.03485669709905181, 2.779595364984164263, -7.246106145685357269 ) ) ;
#652 = CARTESIAN_POINT ( 'NONE',  ( 114.9413653114325058, 1.617285744257517255, -0.6204356361701146572 ) ) ;
#653 = CARTESIAN_POINT ( 'NONE',  ( 49.29275742739870481, 26.29923174493088567, 3.244968046228748459 ) ) ;
#654 = CARTESIAN_POINT ( 'NONE',  ( 125.0000000000000000, 14.31953912227852932, 11.78464894199796831 ) ) ;
#655 = ORIENTED_EDGE ( 'NONE', *, *, #528, .T. ) ;
#656 = CARTESIAN_POINT ( 'NONE',  ( 84.62864075122166696, 23.95037831529673866, 8.121101633239975470 ) ) ;
#657 = CARTESIAN_POINT ( 'NONE',  ( 45.11338778463049692, 27.89311550183976962, 3.334068235075359432 ) ) ;
#658 = CARTESIAN_POINT ( 'NONE',  ( 34.00000000000000711, 2.384829527231527191, 0.3500879278850975718 ) ) ;
#659 = CARTESIAN_POINT ( 'NONE',  ( 36.32506948151326043, 2.218382490713648014, 1.190015781409215379 ) ) ;
#660 = CARTESIAN_POINT ( 'NONE',  ( 35.04365561780694094, 1.095976400897159531, 2.225361510168000212 ) ) ;
#661 = CARTESIAN_POINT ( 'NONE',  ( 125.0000000000000000, 5.181144780230932056, 2.459529475608872140 ) ) ;
#662 = CARTESIAN_POINT ( 'NONE',  ( 111.7899305558886454, 24.24808997524784360, 14.93589913808653513 ) ) ;
#663 = EDGE_CURVE ( 'NONE', #390, #1081, #71, .T. ) ;
#664 = CARTESIAN_POINT ( 'NONE',  ( 36.12208520794700917, 25.82476906594898836, 0.8779442407048564379 ) ) ;
#665 = CARTESIAN_POINT ( 'NONE',  ( 114.9296572437746846, 1.424606803235997532, -1.475569840202169303 ) ) ;
#666 = CARTESIAN_POINT ( 'NONE',  ( 114.9449578825856122, 1.206172357992320920, -1.129193435002797008 ) ) ;
#667 = CARTESIAN_POINT ( 'NONE',  ( 34.99999999999717915, 0.9593749202604886506, 2.294571365088824422 ) ) ;
#668 = CARTESIAN_POINT ( 'NONE',  ( 125.0000000000000000, 2.658755741388139526, -2.558446711175892396 ) ) ;
#669 = ORIENTED_EDGE ( 'NONE', *, *, #1700, .T. ) ;
#670 = B_SPLINE_CURVE_WITH_KNOTS ( 'NONE', 3,
 ( #8, #1448, #537, #647, #1168, #1312, #1432, #238, #767, #246, #653, #1296, #253, #105, #1034, #1576, #371, #120, #1183, #31, #1027, #785, #866, #391, #1434, #1307, #98, #124, #1718, #107, #1698, #656, #1709, #898, #516, #921, #640, #1186, #508, #1451, #240, #1192, #1289, #768, #662, #1424, #1037, #1298, #1460, #1052, #1315, #230, #1725, #1170, #1578, #649, #1594 ),
 .UNSPECIFIED., .F., .F.,
 ( 4, 2, 2, 2, 2, 2, 2, 2, 2, 2, 2, 2, 2, 2, 2, 2, 2, 2, 2, 2, 2, 2, 2, 2, 2, 2, 1, 2, 4 ),
 ( 0.001143868357161854053, 0.004013213088741506181, 0.006882557820321158308, 0.009751902551900809568, 0.01262124728348046343, 0.01549059201506011382, 0.01835993674663976769, 0.02122928147821942155, 0.02409862620979907194, 0.02696797094137870152, 0.02983731567295833109, 0.03557600513611755555, 0.03844534986769716778, 0.04131469459927678001, 0.04705338406243600446, 0.04992272879401561669, 0.05279207352559522198, 0.05853076298875444644, 0.06140010772033404479, 0.06426945245191362233, 0.07000814191507276352, 0.07574683137823190471, 0.08148552084139104590, 0.08722421030455018709, 0.09009355503612978544, 0.09152822740191957074, 0.09224556358481447726, 0.09260423167626191665, 0.09296289976770936991 ),
 .UNSPECIFIED. ) ;
#671 = CARTESIAN_POINT ( 'NONE',  ( 75.75185719916670735, 2.444938292990177953, -7.459560498531357275 ) ) ;
#672 = CARTESIAN_POINT ( 'NONE',  ( 36.17499391307978129, 2.292324668552391476, 1.061898544166614888 ) ) ;
#673 = LINE ( 'NONE', #788, #810 ) ;
#674 = CARTESIAN_POINT ( 'NONE',  ( 43.08749466045797050, 1.855422321977039379, 2.121806680339577866 ) ) ;
#675 = CARTESIAN_POINT ( 'NONE',  ( 36.29597197465151481, 28.13160347869778732, 1.688884572245213045 ) ) ;
#676 = VERTEX_POINT ( 'NONE', #1012 ) ;
#677 = ORIENTED_EDGE ( 'NONE', *, *, #1324, .T. ) ;
#678 = CARTESIAN_POINT ( 'NONE',  ( 114.9421005475606989, 1.634113900221556781, -1.846739576971184960 ) ) ;
#679 = CARTESIAN_POINT ( 'NONE',  ( 83.85072670428252195, 24.73733197666660288, 9.411458769101470168 ) ) ;
#680 = CARTESIAN_POINT ( 'NONE',  ( 36.35039008272278949, 2.517855064117491271, 0.1041467430752013590 ) ) ;
#681 = CARTESIAN_POINT ( 'NONE',  ( 125.0000000000000000, 1.334140282293125646, -3.074136298634082110 ) ) ;
#682 = CARTESIAN_POINT ( 'NONE',  ( 35.00000000000000711, 26.99005809917420962, 2.423781164843723523 ) ) ;
#683 = CARTESIAN_POINT ( 'NONE',  ( 36.52280885248352860, 25.86041223932679500, 0.9364291968342108863 ) ) ;
#684 = ORIENTED_EDGE ( 'NONE', *, *, #34, .F. ) ;
#685 = CARTESIAN_POINT ( 'NONE',  ( 114.9406108372549653, 1.944581929238117901, -1.658437648222120808 ) ) ;
#686 = CARTESIAN_POINT ( 'NONE',  ( 56.04070611629921927, 1.022149838059515314, -6.701595046428760583 ) ) ;
#687 = CARTESIAN_POINT ( 'NONE',  ( 75.76984403470235918, 16.63362584929905807, -1.223704596629181074 ) ) ;
#688 = CARTESIAN_POINT ( 'NONE',  ( 125.0000000000000000, 1.334140282293125646, -3.074136298634082110 ) ) ;
#689 = EDGE_CURVE ( 'NONE', #1356, #693, #859, .T. ) ;
#690 = CARTESIAN_POINT ( 'NONE',  ( 97.41428719440708051, 1.617398272429300121, 1.064929494611351668 ) ) ;
#691 = CARTESIAN_POINT ( 'NONE',  ( 114.7458030759053855, 24.85471408346893440, 15.80028360983685687 ) ) ;
#692 = CARTESIAN_POINT ( 'NONE',  ( 35.59027647806743033, 25.78378661664707749, 0.7995020956357631325 ) ) ;
#693 = VERTEX_POINT ( 'NONE', #1579 ) ;
#694 = CARTESIAN_POINT ( 'NONE',  ( 114.9383537004280527, 2.326211220122221146, -1.262561799137692065 ) ) ;
#695 = CARTESIAN_POINT ( 'NONE',  ( 124.9999999999999858, 24.03782106490599446, 14.98052725366942539 ) ) ;
#696 = CARTESIAN_POINT ( 'NONE',  ( 56.03943347073085590, 13.47268753320756929, -5.586258070506935347 ) ) ;
#697 = CARTESIAN_POINT ( 'NONE',  ( 36.33731291801770880, 9.190308645429658085, 3.502688652148132853 ) ) ;
#698 = CARTESIAN_POINT ( 'NONE',  ( 36.47621785363364921, 28.81315594769511890, 0.9385258501902539185 ) ) ;
#699 = CARTESIAN_POINT ( 'NONE',  ( 114.6680417753069889, 24.44251908725166089, 17.57770931514141921 ) ) ;
#700 = CARTESIAN_POINT ( 'NONE',  ( 36.29052805661784475, 12.72858364116410179, 3.788720681236740440 ) ) ;
#701 = CARTESIAN_POINT ( 'NONE',  ( 125.0000000000000000, 24.83611639190278453, 16.03728980434618379 ) ) ;
#702 = CARTESIAN_POINT ( 'NONE',  ( 35.45375104616342554, 2.105739288712244139, 0.3785414259297543160 ) ) ;
#703 = ORIENTED_EDGE ( 'NONE', *, *, #528, .F. ) ;
#704 = CARTESIAN_POINT ( 'NONE',  ( 125.0000000000001137, 4.505415916025459211, -1.703267080230015607 ) ) ;
#705 = EDGE_CURVE ( 'NONE', #407, #834, #1404, .T. ) ;
#706 = FACE_OUTER_BOUND ( 'NONE', #1468, .T. ) ;
#707 = CARTESIAN_POINT ( 'NONE',  ( 125.0000000000000000, 1.334140282293125646, -3.074136298634082110 ) ) ;
#708 = CARTESIAN_POINT ( 'NONE',  ( 114.8971556191946632, 15.10074568879793944, 9.798288482138286071 ) ) ;
#709 = CARTESIAN_POINT ( 'NONE',  ( 56.03812741449843315, 1.764392918813741717, -6.863860253317756843 ) ) ;
#710 = CARTESIAN_POINT ( 'NONE',  ( 114.7943208173253140, 23.27509345754428338, 15.96104431822627845 ) ) ;
#711 = CARTESIAN_POINT ( 'NONE',  ( 67.66048655292291869, 25.03791308607393518, 4.474380750429409304 ) ) ;
#712 = CARTESIAN_POINT ( 'NONE',  ( 36.27553096005531330, 17.50296087533487110, 3.658097014347373221 ) ) ;
#713 = CARTESIAN_POINT ( 'NONE',  ( 35.00000000000001421, 3.282628379166012689, 2.891316232722809243 ) ) ;
#714 = CARTESIAN_POINT ( 'NONE',  ( 62.96321656544401435, 27.00057227404755977, 5.020993524820390519 ) ) ;
#715 = CARTESIAN_POINT ( 'NONE',  ( 36.21095781011698023, 8.800133295898548980, 2.675867126727685008 ) ) ;
#716 = CARTESIAN_POINT ( 'NONE',  ( 35.00000000000000711, 28.74501597539051900, 0.4908930411055337228 ) ) ;
#717 = CARTESIAN_POINT ( 'NONE',  ( 75.74699739742044358, 13.21654055800796890, -3.620474063087442573 ) ) ;
#718 = CARTESIAN_POINT ( 'NONE',  ( 35.98667873531604755, 1.849959079452542454, 0.5825628911155255052 ) ) ;
#719 = CARTESIAN_POINT ( 'NONE',  ( 125.0000000000000000, 24.42231009364778060, 15.97500723150826296 ) ) ;
#720 = CARTESIAN_POINT ( 'NONE',  ( 75.12571518765483347, 25.33638727569817561, 5.436962396337556847 ) ) ;
#721 = CARTESIAN_POINT ( 'NONE',  ( 34.97746106950339140, 28.33572878671638406, 2.100383637898151523 ) ) ;
#722 = CARTESIAN_POINT ( 'NONE',  ( 35.00000000000001421, 6.808154442278680385, 3.612073169564923525 ) ) ;
#723 = CARTESIAN_POINT ( 'NONE',  ( 62.92033172772996608, 26.79284189814605099, 6.519185365258428178 ) ) ;
#724 = CARTESIAN_POINT ( 'NONE',  ( 34.00000000000002842, 8.950367456916056952, 1.549377990223060886 ) ) ;
#725 = CARTESIAN_POINT ( 'NONE',  ( 35.00000000000000711, 20.08863141136709984, 1.102651414518781348 ) ) ;
#726 = CARTESIAN_POINT ( 'NONE',  ( 56.01404129605456461, 15.27335086456519520, -4.157729893465813120 ) ) ;
#727 = PRODUCT_CONTEXT ( 'NONE', #400, 'mechanical' ) ;
#728 = CARTESIAN_POINT ( 'NONE',  ( 34.00000000000002132, 19.85873178877556455, 2.725181497217392224 ) ) ;
#729 = CARTESIAN_POINT ( 'NONE',  ( 71.57598810991032678, 26.02082966066860337, 6.198554983826828568 ) ) ;
#730 = CARTESIAN_POINT ( 'NONE',  ( 35.16917211062882842, 17.49455911350358761, 3.425141640537913812 ) ) ;
#731 = UNCERTAINTY_MEASURE_WITH_UNIT (LENGTH_MEASURE( 1.000000000000000082E-05 ), #992, 'distance_accuracy_value', 'NONE');
#732 = CARTESIAN_POINT ( 'NONE',  ( 34.98880615139097472, 8.287389421927018773, 0.9063763598438985269 ) ) ;
#733 = CARTESIAN_POINT ( 'NONE',  ( 47.96123463680451238, 28.04030978314779432, 3.194611116667678274 ) ) ;
#734 = CARTESIAN_POINT ( 'NONE',  ( 35.31695765756320071, 2.572245428023677505, 1.729985413040093345 ) ) ;
#735 = CARTESIAN_POINT ( 'NONE',  ( 35.00000000000000711, 5.904159400555526460, 0.5285050634950928528 ) ) ;
#736 = CARTESIAN_POINT ( 'NONE',  ( 0.000000000000000000, 0.000000000000000000, 0.000000000000000000 ) ) ;
#737 = CARTESIAN_POINT ( 'NONE',  ( 35.08901599898569401, 28.97054555980127333, 1.609652753068952835 ) ) ;
#738 = CARTESIAN_POINT ( 'NONE',  ( 114.8683883388795692, 21.85211211321169245, 14.62938860451271239 ) ) ;
#739 = CARTESIAN_POINT ( 'NONE',  ( 92.75354762986508206, 24.26264007277118395, 11.77093159506011588 ) ) ;
#740 = EDGE_CURVE ( 'NONE', #941, #43, #615, .T. ) ;
#741 = CARTESIAN_POINT ( 'NONE',  ( 36.46439825841203231, 28.16088742660988942, 1.183702286865162323 ) ) ;
#742 = CARTESIAN_POINT ( 'NONE',  ( 34.99673707149514712, 6.286540046781024849, 0.5162057283055986323 ) ) ;
#743 = CARTESIAN_POINT ( 'NONE',  ( 60.04821301815838552, 27.02187497851458176, 6.627891607407683239 ) ) ;
#744 = CARTESIAN_POINT ( 'NONE',  ( 35.00748937620048906, 27.27985207670793599, 0.8398008542094376194 ) ) ;
#745 = CARTESIAN_POINT ( 'NONE',  ( 36.10162906855346421, 2.317728575749896880, 0.7709866074981527317 ) ) ;
#746 = CARTESIAN_POINT ( 'NONE',  ( 35.31678053867329226, 1.793958154344554634, 1.039403646678360715 ) ) ;
#747 = CARTESIAN_POINT ( 'NONE',  ( 43.33150388811043996, 23.11928506898048497, 2.727144582120737848 ) ) ;
#748 = CARTESIAN_POINT ( 'NONE',  ( 114.8180483664009870, 5.162248525503826180, 4.868259107469029345 ) ) ;
#749 = CARTESIAN_POINT ( 'NONE',  ( 95.22391949339620965, 24.61260478479241343, 13.34083801209710707 ) ) ;
#750 = CARTESIAN_POINT ( 'NONE',  ( 36.19055843556870400, 3.630902740197376577, 2.522931546707794848 ) ) ;
#751 = CARTESIAN_POINT ( 'NONE',  ( 114.9297372580918619, 1.426492711008956915, -1.477725606985910822 ) ) ;
#752 = CARTESIAN_POINT ( 'NONE',  ( 36.00229091201576637, 2.193410260511636345, 1.165123934138032169 ) ) ;
#753 = CARTESIAN_POINT ( 'NONE',  ( 114.7807514137524691, 24.39829814718826739, 15.34649038315062342 ) ) ;
#754 = CARTESIAN_POINT ( 'NONE',  ( 97.44977170444835224, 13.06477984539108306, 9.530324538742910079 ) ) ;
#755 = CARTESIAN_POINT ( 'NONE',  ( 125.0000000000000000, 18.05673888900037838, 12.84587828215096117 ) ) ;
#756 = CARTESIAN_POINT ( 'NONE',  ( 34.00000000000000711, 2.577918166952172907, 1.076913282997155941 ) ) ;
#757 = CARTESIAN_POINT ( 'NONE',  ( 36.02269680941168417, 17.58596267572422178, 2.568657979948107073 ) ) ;
#758 = CARTESIAN_POINT ( 'NONE',  ( 36.32103839879128060, 2.187687941151314597, 1.301386021483199595 ) ) ;
#759 = CARTESIAN_POINT ( 'NONE',  ( 56.03425648915326462, 2.626006020025950960, -7.269423025051570342 ) ) ;
#760 = CARTESIAN_POINT ( 'NONE',  ( 36.33800332956607804, 25.41956046832483906, -0.3809383420517605812 ) ) ;
#761 = EDGE_CURVE ( 'NONE', #269, #941, #1005, .T. ) ;
#762 = CARTESIAN_POINT ( 'NONE',  ( 35.30856737155186664, 28.50961168176927885, 1.453822173960405362 ) ) ;
#763 = CARTESIAN_POINT ( 'NONE',  ( 34.00000000000000000, 11.75762855219872982, 2.885596895195035483 ) ) ;
#764 = CARTESIAN_POINT ( 'NONE',  ( 125.0000000000000000, 1.424999999999999156, -4.070000000000000284 ) ) ;
#765 = CARTESIAN_POINT ( 'NONE',  ( 114.9307202399985925, 2.307511769050374806, 0.3966314863321114270 ) ) ;
#766 = CARTESIAN_POINT ( 'NONE',  ( 34.98407252359012887, 9.302739252459700126, 1.061350294540938322 ) ) ;
#767 = CARTESIAN_POINT ( 'NONE',  ( 46.47311092492192586, 26.19790409990046953, 2.725124344087153538 ) ) ;
#768 = CARTESIAN_POINT ( 'NONE',  ( 109.9013022152063428, 24.31087907186488906, 14.95666641772224636 ) ) ;
#769 = EDGE_CURVE ( 'NONE', #1081, #1585, #1317, .T. ) ;
#770 = CARTESIAN_POINT ( 'NONE',  ( 75.75082700537095093, 2.166861671348543350, -7.608083078092542806 ) ) ;
#771 = CARTESIAN_POINT ( 'NONE',  ( 97.40678935886390377, 23.01791302175094955, 11.63381511578475980 ) ) ;
#772 = CARTESIAN_POINT ( 'NONE',  ( 114.8085767610957362, 11.29320938332799784, 9.395954274541232110 ) ) ;
#773 = CARTESIAN_POINT ( 'NONE',  ( 112.1963486170679687, 24.88170538169682544, 15.70809917705923553 ) ) ;
#774 = CARTESIAN_POINT ( 'NONE',  ( 75.74956642592059097, 3.484119020847572745, -5.925142048827804153 ) ) ;
#775 = CARTESIAN_POINT ( 'NONE',  ( 36.29822743236362470, 2.053624801261338284, 1.787059456687659420 ) ) ;
#776 = CARTESIAN_POINT ( 'NONE',  ( 35.00000000000000711, 4.290898155909273370, -3.590657737991402916E-11 ) ) ;
#777 = EDGE_LOOP ( 'NONE', ( #833, #669, #313, #563, #547, #299 ) ) ;
#778 = CARTESIAN_POINT ( 'NONE',  ( 34.00000000000000711, 2.337618377987312979, -0.05341963171678162925 ) ) ;
#779 = CARTESIAN_POINT ( 'NONE',  ( 35.98857600910162802, 2.339601859326290167, 0.7462098541102771820 ) ) ;
#780 = CARTESIAN_POINT ( 'NONE',  ( 56.03685127270802724, 2.131220586485562229, -6.942985434836101533 ) ) ;
#781 = CARTESIAN_POINT ( 'NONE',  ( 75.74315910236769867, 5.988015958602780131, -4.413659926061033190 ) ) ;
#782 = CARTESIAN_POINT ( 'NONE',  ( 101.3646820271816296, 24.53262231265944138, 15.57045454221844771 ) ) ;
#783 = B_SPLINE_SURFACE_WITH_KNOTS ( 'NONE', 3, 3, ( 
 ( #419, #61, #52, #412, #160, #288, #691, #1222 ),
 ( #979, #1088, #280, #181, #42, #939, #1628, #428 ),
 ( #955, #1521, #1498, #320, #1364, #171, #854, #1072 ),
 ( #440, #1345, #152, #311, #844, #191, #1481, #1110 ) ),
 .UNSPECIFIED., .F., .F., .F.,
 ( 4, 4 ),
 ( 4, 1, 1, 1, 1, 4 ),
 ( 0.000000000000000000, 1.000000000000000000 ),
 ( 0.000000000000000000, 0.06529055286195016572, 0.2354486167818587439, 0.4509168125772553548, 0.6769853571174412332, 1.000000000000000000 ),
 .UNSPECIFIED. ) ;
#784 = CARTESIAN_POINT ( 'NONE',  ( 125.0000000000000000, 5.998272731745523778, 4.378979501803811125 ) ) ;
#785 = CARTESIAN_POINT ( 'NONE',  ( 66.25556739084981928, 25.21035789246878878, 4.441945948647286535 ) ) ;
#786 = CARTESIAN_POINT ( 'NONE',  ( 69.47610784252557892, 26.10640504139878360, 5.679958323380692953 ) ) ;
#787 = CARTESIAN_POINT ( 'NONE',  ( 75.75129118843346987, 2.150687187568336878, -7.594316274424652846 ) ) ;
#788 = CARTESIAN_POINT ( 'NONE',  ( 125.0000000000000000, 1.424999999999999156, -4.070000000000000284 ) ) ;
#789 = CARTESIAN_POINT ( 'NONE',  ( 110.1380411758610336, 24.62011536733629669, 16.58613450229848851 ) ) ;
#790 = EDGE_CURVE ( 'NONE', #1081, #161, #978, .T. ) ;
#791 = CARTESIAN_POINT ( 'NONE',  ( 35.00000000000000711, 28.25851680687842205, 1.877664171203367438E-10 ) ) ;
#792 = ORIENTED_EDGE ( 'NONE', *, *, #1146, .T. ) ;
#793 = CARTESIAN_POINT ( 'NONE',  ( 125.0000000000000000, 1.424999999999999156, -4.070000000000000284 ) ) ;
#794 = CARTESIAN_POINT ( 'NONE',  ( 35.95433848957162581, 9.121544663431924604, 2.375370836568459598 ) ) ;
#795 = CARTESIAN_POINT ( 'NONE',  ( 43.09171439408201110, 1.943308172091021913, 1.799103027568272228 ) ) ;
#796 = CARTESIAN_POINT ( 'NONE',  ( 75.75067390057861871, 2.268774907979657307, -6.366932707318015972 ) ) ;
#797 = CARTESIAN_POINT ( 'NONE',  ( 81.46164859913085365, 24.93996488060138716, 8.419392928607074111 ) ) ;
#798 = CARTESIAN_POINT ( 'NONE',  ( 35.00000000000000711, 2.433120970332523392, -0.4688236685880752819 ) ) ;
#799 = CARTESIAN_POINT ( 'NONE',  ( 40.13964606229795606, 28.42797882372130758, 2.829988824299685124 ) ) ;
#800 = ORIENTED_EDGE ( 'NONE', *, *, #1514, .F. ) ;
#801 = CARTESIAN_POINT ( 'NONE',  ( 34.00000000000000711, 2.753721284394820223, 0.08346817455747129744 ) ) ;
#802 = CARTESIAN_POINT ( 'NONE',  ( 56.03551715259871457, 2.564901729719727186, -7.145735049377656800 ) ) ;
#803 = CARTESIAN_POINT ( 'NONE',  ( 125.0000000000000000, 1.468767098058572973, -3.061853338165248406 ) ) ;
#804 =( BOUNDED_SURFACE ( )  B_SPLINE_SURFACE ( 3, 2, ( 
 ( #959, #943, #424 ),
 ( #1486, #1343, #156 ),
 ( #1624, #55, #416 ),
 ( #576, #1617, #1381 ) ),
 .UNSPECIFIED., .F., .F., .F. ) 
 B_SPLINE_SURFACE_WITH_KNOTS ( ( 4, 4 ),
 ( 3, 3 ),
 ( 0.002512049421219667792, 0.004015547422625478403 ),
 ( 0.07834026485836377562, 1.000000000000000000 ),
 .UNSPECIFIED. ) 
 GEOMETRIC_REPRESENTATION_ITEM ( )  RATIONAL_B_SPLINE_SURFACE ( (
 ( 0.9575898348003566429, 0.7293207696175186827, 1.000000000000000000),
 ( 0.9576521466374742220, 0.7297184695565613888, 1.000000000000000000),
 ( 0.9577443312080883286, 0.7303068296468718801, 1.000000000000000000),
 ( 0.9578949883449292546, 0.7312683858601000120, 1.000000000000000000) ) ) 
 REPRESENTATION_ITEM ( '' )  SURFACE ( )  );
#805 = CARTESIAN_POINT ( 'NONE',  ( 125.0000000000000000, 1.334140282293125646, -3.074136298634082110 ) ) ;
#806 = CARTESIAN_POINT ( 'NONE',  ( 35.00022036788420365, 28.31800669380944058, 0.02984572593779088664 ) ) ;
#807 = CARTESIAN_POINT ( 'NONE',  ( 43.34104347618887232, 27.91734963155340310, 1.839902988540520257 ) ) ;
#808 = ORIENTED_EDGE ( 'NONE', *, *, #1017, .F. ) ;
#809 = CARTESIAN_POINT ( 'NONE',  ( 43.06573612863645195, 5.193442953848864008, 2.524668038964998473 ) ) ;
#810 = VECTOR ( 'NONE', #812, 1000.000000000000000 ) ;
#811 = CARTESIAN_POINT ( 'NONE',  ( 36.17810961705743722, 2.203113648676471747, 1.418028980801363303 ) ) ;
#812 = DIRECTION ( 'NONE',  ( -0.000000000000000000, 0.4100822225892828410, -0.9120485572140520913 ) ) ;
#813 = CARTESIAN_POINT ( 'NONE',  ( 125.0000000000000000, 1.219859040220056645, -3.084562987928719302 ) ) ;
#814 = UNCERTAINTY_MEASURE_WITH_UNIT (LENGTH_MEASURE( 1.000000000000000082E-05 ), #302, 'distance_accuracy_value', 'NONE');
#815 = CARTESIAN_POINT ( 'NONE',  ( 36.40976171254130378, 25.69454153812279884, 2.046481408563665116 ) ) ;
#816 = ORIENTED_EDGE ( 'NONE', *, *, #482, .T. ) ;
#817 = CARTESIAN_POINT ( 'NONE',  ( 36.20773953926499900, 6.963944472305213296, 2.342929836984394942 ) ) ;
#818 = CARTESIAN_POINT ( 'NONE',  ( 35.00000000000000711, 28.51839073956446313, 0.2292490282019231940 ) ) ;
#819 = CARTESIAN_POINT ( 'NONE',  ( 33.99999999999999289, 17.37293768209131173, 1.935418297551361855 ) ) ;
#820 = FACE_OUTER_BOUND ( 'NONE', #382, .T. ) ;
#821 = CARTESIAN_POINT ( 'NONE',  ( 114.9403520370199061, 1.223941744582603297, -1.305214648407316824 ) ) ;
#822 = CARTESIAN_POINT ( 'NONE',  ( 35.00000000000000711, 28.71629007712571280, 1.917000454145978194 ) ) ;
#823 = ORIENTED_EDGE ( 'NONE', *, *, #1309, .T. ) ;
#824 = ORIENTED_EDGE ( 'NONE', *, *, #295, .T. ) ;
#825 = CARTESIAN_POINT ( 'NONE',  ( 75.75221955455839407, 2.118338220012673911, -7.566782667081611180 ) ) ;
#826 = CARTESIAN_POINT ( 'NONE',  ( 125.0000000000000000, 1.424999999999999156, -4.070000000000000284 ) ) ;
#827 = CARTESIAN_POINT ( 'NONE',  ( 75.75513375615977907, 14.60825464250926053, -3.006707917447669409 ) ) ;
#828 = CARTESIAN_POINT ( 'NONE',  ( 36.47824707060594562, 2.527269747503114949, 1.977724561564281336 ) ) ;
#829 = CARTESIAN_POINT ( 'NONE',  ( 125.0000000000000000, 1.341500606261323503, -3.073464764008345451 ) ) ;
#830 = CARTESIAN_POINT ( 'NONE',  ( 55.93659608210118961, 26.29456826000367542, 6.209589570518138757 ) ) ;
#831 = CARTESIAN_POINT ( 'NONE',  ( 34.99463034862234423, 29.16914489824334211, 1.798255112867584549 ) ) ;
#832 = CARTESIAN_POINT ( 'NONE',  ( 35.00000000000001421, 16.36145430330195083, 4.149894424016701500 ) ) ;
#833 = ORIENTED_EDGE ( 'NONE', *, *, #740, .T. ) ;
#834 = VERTEX_POINT ( 'NONE', #1197 ) ;
#835 = CARTESIAN_POINT ( 'NONE',  ( 34.00000000000002842, 6.347560789773359247, 1.059002464697917700 ) ) ;
#836 = EDGE_CURVE ( 'NONE', #834, #957, #670, .T. ) ;
#837 = CARTESIAN_POINT ( 'NONE',  ( 35.00000000000000711, 28.25851680687842205, 1.877664171203367438E-10 ) ) ;
#838 = CARTESIAN_POINT ( 'NONE',  ( 125.0000000000000284, 13.38122536784628558, 10.04159253781401517 ) ) ;
#839 = CARTESIAN_POINT ( 'NONE',  ( 36.48517663398796884, 2.240094765115276942, 1.886810885391919879 ) ) ;
#840 = CARTESIAN_POINT ( 'NONE',  ( 43.08145925801895260, 1.740809111362541461, 2.549818068377419422 ) ) ;
#841 = CARTESIAN_POINT ( 'NONE',  ( 43.22233781426957933, 16.66690835920467251, 4.570509133705355609 ) ) ;
#842 = CARTESIAN_POINT ( 'NONE',  ( 85.34251365262743150, 24.67100573398194641, 9.997389931396524432 ) ) ;
#843 = CARTESIAN_POINT ( 'NONE',  ( 34.97027436039937243, 28.01180450063278826, 2.216250922002054313 ) ) ;
#844 = CARTESIAN_POINT ( 'NONE',  ( 75.75881016289488912, 25.33400108736130818, 3.118780159770955240 ) ) ;
#845 = CARTESIAN_POINT ( 'NONE',  ( 64.83052033209904152, 26.64231576578384875, 6.409046662064872280 ) ) ;
#846 = ORIENTED_EDGE ( 'NONE', *, *, #790, .F. ) ;
#847 = CARTESIAN_POINT ( 'NONE',  ( 36.19207231823288140, 10.91208862212311814, 2.914141388018403500 ) ) ;
#848 = CARTESIAN_POINT ( 'NONE',  ( 36.48990307090773655, 2.045032939336402400, 1.823619922670432603 ) ) ;
#849 = CARTESIAN_POINT ( 'NONE',  ( 36.13472464878837798, 13.58034752039107040, 3.009926740506847498 ) ) ;
#850 = DIRECTION ( 'NONE',  ( 0.000000000000000000, 0.000000000000000000, 1.000000000000000000 ) ) ;
#851 = CARTESIAN_POINT ( 'NONE',  ( 97.44584372762264479, 23.89506039679551463, 16.54278030600046989 ) ) ;
#852 = CARTESIAN_POINT ( 'NONE',  ( 73.03324994738700582, 25.85801008749426799, 6.303660499555570951 ) ) ;
#853 = CARTESIAN_POINT ( 'NONE',  ( 34.97428832253601882, 28.19197742025588127, 2.152044169250764138 ) ) ;
#854 = CARTESIAN_POINT ( 'NONE',  ( 114.6939622088397925, 24.57991741932268681, 16.98523408003957869 ) ) ;
#855 = CARTESIAN_POINT ( 'NONE',  ( 50.44140714268200298, 27.80637734015331830, 5.689026879254853064 ) ) ;
#856 = CARTESIAN_POINT ( 'NONE',  ( 56.05704689704506904, 8.903676368649847461, -7.133730981805663340 ) ) ;
#857 = CARTESIAN_POINT ( 'NONE',  ( 78.12273115624951458, 25.27374984526389667, 7.296830171404427468 ) ) ;
#858 = CARTESIAN_POINT ( 'NONE',  ( 114.7518558957806647, 8.059412448093027592, 6.764947648568989003 ) ) ;
#859 = B_SPLINE_CURVE_WITH_KNOTS ( 'NONE', 3,
 ( #231, #89, #1171, #509 ),
 .UNSPECIFIED., .F., .F.,
 ( 4, 4 ),
 ( -0.0001393779634186930393, 0.001172868943434255502 ),
 .UNSPECIFIED. ) ;
#860 = CARTESIAN_POINT ( 'NONE',  ( 125.0000000000002558, 13.69634404199287303, 11.40650146185517322 ) ) ;
#861 = CARTESIAN_POINT ( 'NONE',  ( 95.03949167924103847, 24.50052894071804488, 13.94498284256525622 ) ) ;
#862 = CARTESIAN_POINT ( 'NONE',  ( 36.45794485394988271, 27.84008266315894886, 1.303745973690342286 ) ) ;
#863 = CARTESIAN_POINT ( 'NONE',  ( 34.97433388772601859, 12.35440517882497247, 1.340255455691896413 ) ) ;
#864 = CARTESIAN_POINT ( 'NONE',  ( 59.17135796877263232, 27.49932185255148198, 5.064394604131702060 ) ) ;
#865 = CARTESIAN_POINT ( 'NONE',  ( 35.98844175214024688, 2.296704115191809059, 0.7318817503514342127 ) ) ;
#866 = CARTESIAN_POINT ( 'NONE',  ( 68.14160419719551953, 24.97659885755890130, 4.467494807748773056 ) ) ;
#867 = CARTESIAN_POINT ( 'NONE',  ( 114.9124622296712772, 21.91127235241392057, 13.16624064422446416 ) ) ;
#868 = CARTESIAN_POINT ( 'NONE',  ( 35.98929792370955738, 24.84988856401150414, 2.271919680056866842 ) ) ;
#869 = CARTESIAN_POINT ( 'NONE',  ( 88.42647191932799444, 24.08738432188709311, 9.813623562727929794 ) ) ;
#870 = CARTESIAN_POINT ( 'NONE',  ( 35.16253217819076582, 14.51858628763539372, 3.550469549495669508 ) ) ;
#871 = CARTESIAN_POINT ( 'NONE',  ( 34.99807695472793512, 25.41956046832483551, -0.3668916337867800803 ) ) ;
#872 = CARTESIAN_POINT ( 'NONE',  ( 59.08591663799005289, 27.10114404568653512, 6.639719023725679570 ) ) ;
#873 = CARTESIAN_POINT ( 'NONE',  ( 34.90842923460891001, 3.108063011525094232, 3.060051154417927854 ) ) ;
#874 = CARTESIAN_POINT ( 'NONE',  ( 35.00000000000001421, 8.374326710798548845, 1.137516996028012484 ) ) ;
#875 = CARTESIAN_POINT ( 'NONE',  ( 35.69826335770246573, 2.082570070739437451, 1.127657926517061870 ) ) ;
#876 = DIRECTION ( 'NONE',  ( 1.000000000000000000, 0.000000000000000000, 0.000000000000000000 ) ) ;
#877 = CARTESIAN_POINT ( 'NONE',  ( 125.0000000000000000, 25.34299999999999642, 15.10599999999999987 ) ) ;
#878 = CARTESIAN_POINT ( 'NONE',  ( 34.00000000000002842, 8.530698329761898790, 2.500599940048704450 ) ) ;
#879 = CARTESIAN_POINT ( 'NONE',  ( 93.43507839493672407, 24.60028384236327881, 12.68421399029992180 ) ) ;
#880 = CARTESIAN_POINT ( 'NONE',  ( 97.41196372609890375, 0.7370429047750661766, 2.028130258784884621 ) ) ;
#881 = CARTESIAN_POINT ( 'NONE',  ( 36.39283072272706931, 6.257919061934297922, 2.982719670603731554 ) ) ;
#882 = CARTESIAN_POINT ( 'NONE',  ( 35.98857600910162802, 2.339601859326290167, 0.7462098541102771820 ) ) ;
#883 = CARTESIAN_POINT ( 'NONE',  ( 114.7458030759044618, 24.85471408352782774, 15.80028360984647762 ) ) ;
#884 = CARTESIAN_POINT ( 'NONE',  ( 124.9999999999996163, 8.493232220293707613, 7.842664190990833006 ) ) ;
#885 = CARTESIAN_POINT ( 'NONE',  ( 125.0000000000000000, 3.269716756203438379, -3.901693389880673823 ) ) ;
#886 = CARTESIAN_POINT ( 'NONE',  ( 43.05642053689501125, 5.813148281562657615, 3.701871743711492080 ) ) ;
#887 = CARTESIAN_POINT ( 'NONE',  ( 36.29015302791552244, 19.28917779867193261, 3.453378518051196000 ) ) ;
#888 = CARTESIAN_POINT ( 'NONE',  ( 36.32555272640177435, 2.221107134753506962, 1.180150245783903040 ) ) ;
#889 = EDGE_CURVE ( 'NONE', #373, #1090, #1696, .T. ) ;
#890 = CARTESIAN_POINT ( 'NONE',  ( 36.16192439836630967, 2.221455618221179318, 1.176479439555836226 ) ) ;
#891 = CARTESIAN_POINT ( 'NONE',  ( 97.46344581767974091, 24.54453673638833777, 17.15947779477381019 ) ) ;
#892 = CARTESIAN_POINT ( 'NONE',  ( 97.44083080723764567, 3.806972356940035329, 7.084246394228995491 ) ) ;
#893 = FACE_OUTER_BOUND ( 'NONE', #777, .T. ) ;
#894 = CARTESIAN_POINT ( 'NONE',  ( 36.18703293612013994, 2.839153892563607506, 2.282699533541312498 ) ) ;
#895 = CARTESIAN_POINT ( 'NONE',  ( 35.98872540825524169, 3.456922103785459832, 1.104929835297106866 ) ) ;
#896 = CARTESIAN_POINT ( 'NONE',  ( 35.10172382199053942, 1.227416917024801268, 2.159739695858538422 ) ) ;
#897 = CARTESIAN_POINT ( 'NONE',  ( 35.01198379342373812, 26.88707103932787845, 0.6882863494574444907 ) ) ;
#898 = CARTESIAN_POINT ( 'NONE',  ( 88.09092969013960328, 24.07247583133623081, 9.657148089987757089 ) ) ;
#899 = CARTESIAN_POINT ( 'NONE',  ( 35.06687842769714791, 1.392897684275563153, 0.9231186703738434307 ) ) ;
#900 = CARTESIAN_POINT ( 'NONE',  ( 43.32254710067742565, 21.50220001545471860, 3.034667254025842364 ) ) ;
#901 = CARTESIAN_POINT ( 'NONE',  ( 125.0000000000001137, 5.990060991575616889, 4.360659575755435391 ) ) ;
#902 = CARTESIAN_POINT ( 'NONE',  ( 121.7768204068629672, 23.63210337652634863, 14.69706196744328608 ) ) ;
#903 = CARTESIAN_POINT ( 'NONE',  ( 114.8896587034498964, 3.539286039776910364, 2.402372690512043274 ) ) ;
#904 = CARTESIAN_POINT ( 'NONE',  ( 36.29851047769908945, 2.055070540818812130, 1.781828203107346908 ) ) ;
#905 = CARTESIAN_POINT ( 'NONE',  ( 125.0000000000000000, 4.564224412847281087, 0.8675571966542028335 ) ) ;
#906 = CARTESIAN_POINT ( 'NONE',  ( 36.17347314712668549, 2.045150751800127953, 0.9786098683571562429 ) ) ;
#907 = CARTESIAN_POINT ( 'NONE',  ( 35.55877725328915062, 2.001157648496115549, 1.102040015198607170 ) ) ;
#908 = CARTESIAN_POINT ( 'NONE',  ( 56.03617760809839154, 2.350208094455288332, -7.045363953069956331 ) ) ;
#909 = CARTESIAN_POINT ( 'NONE',  ( 124.9999999999999574, 23.42205040770150504, 14.71691046801885960 ) ) ;
#910 = CARTESIAN_POINT ( 'NONE',  ( 56.04400385661044481, 2.790025535198952689, -6.391306547064561805 ) ) ;
#911 = CARTESIAN_POINT ( 'NONE',  ( 38.21718757922491960, 27.86403191808349078, 1.604675695756840437 ) ) ;
#912 = CARTESIAN_POINT ( 'NONE',  ( 34.99112406185972191, 27.82448707089023898, 1.241084849218934361 ) ) ;
#913 = ORIENTED_EDGE ( 'NONE', *, *, #1195, .F. ) ;
#914 = CARTESIAN_POINT ( 'NONE',  ( 36.17448699109586130, 2.209933362968810044, 1.034135652230792290 ) ) ;
#915 = CARTESIAN_POINT ( 'NONE',  ( 76.44364603947609282, 25.43084136692689512, 6.717236326273878788 ) ) ;
#916 = ADVANCED_FACE ( 'NONE', ( #130 ), #257, .T. ) ;
#917 = CARTESIAN_POINT ( 'NONE',  ( 125.0000000000000000, 0.9898508779274984848, -3.102201087739721252 ) ) ;
#918 = CARTESIAN_POINT ( 'NONE',  ( 36.51207152718652083, 1.068524412943835822, 1.505686768619496130 ) ) ;
#919 = CARTESIAN_POINT ( 'NONE',  ( 91.22906840766717096, 24.50576006986188915, 12.53625232768954767 ) ) ;
#920 = CARTESIAN_POINT ( 'NONE',  ( 125.0000000000000000, 1.469065181616941329, -3.061826141885346964 ) ) ;
#921 = CARTESIAN_POINT ( 'NONE',  ( 92.39932628049054131, 24.25056405093801715, 11.62093606448612171 ) ) ;
#922 = CARTESIAN_POINT ( 'NONE',  ( 78.12273115624951458, 25.27374984526389667, 7.296830171404427468 ) ) ;
#923 = CARTESIAN_POINT ( 'NONE',  ( 125.0000000000000000, 1.135864370715945482, -3.426944244345329960 ) ) ;
#924 = CARTESIAN_POINT ( 'NONE',  ( 43.08164755061172002, 1.744384816348017564, 2.536464961472601143 ) ) ;
#925 = CARTESIAN_POINT ( 'NONE',  ( 94.54429467646566820, 24.49995646053785947, 13.77722006046833414 ) ) ;
#926 = CARTESIAN_POINT ( 'NONE',  ( 125.0000000000000000, 24.83611639190278453, 16.03728980434618379 ) ) ;
#927 = VERTEX_POINT ( 'NONE', #1300 ) ;
#928 = CARTESIAN_POINT ( 'NONE',  ( 97.42672509520417634, 2.950276122689211800, 4.651150941365331803 ) ) ;
#929 = CARTESIAN_POINT ( 'NONE',  ( 51.11319998565269174, 27.72654188890273375, 5.001155966773325190 ) ) ;
#930 = CARTESIAN_POINT ( 'NONE',  ( 114.9297372580918619, 1.426492711008956915, -1.477725606985911044 ) ) ;
#931 = CARTESIAN_POINT ( 'NONE',  ( 56.04084106628130257, 1.162554446255204432, -6.659554212965923981 ) ) ;
#932 = CARTESIAN_POINT ( 'NONE',  ( 114.9350446475558698, 1.325217227795780106, -1.391470127696613490 ) ) ;
#933 = CARTESIAN_POINT ( 'NONE',  ( 125.0000000000000000, 1.334140282293125646, -3.074136298634082110 ) ) ;
#934 = CARTESIAN_POINT ( 'NONE',  ( 35.15608091679320779, 28.25962883039112228, 2.012986350348473508 ) ) ;
#935 = ORIENTED_EDGE ( 'NONE', *, *, #1017, .T. ) ;
#936 = CARTESIAN_POINT ( 'NONE',  ( 56.03485669709944261, 2.779595364968738824, -7.246106145708934854 ) ) ;
#937 = CARTESIAN_POINT ( 'NONE',  ( 114.9417394056684287, 1.709378876952844184, -1.801090624547170504 ) ) ;
#938 = CARTESIAN_POINT ( 'NONE',  ( 56.04074763685046889, 1.010198730777167597, -6.698982359364363148 ) ) ;
#939 = CARTESIAN_POINT ( 'NONE',  ( 97.47184072962963342, 24.26647004233776173, 18.16892525466528951 ) ) ;
#940 = VERTEX_POINT ( 'NONE', #1418 ) ;
#941 = VERTEX_POINT ( 'NONE', #1155 ) ;
#942 = CARTESIAN_POINT ( 'NONE',  ( 124.9999999999999289, 4.950754388161649366, -0.7668483896296957036 ) ) ;
#943 = CARTESIAN_POINT ( 'NONE',  ( 35.12741095109272749, 2.226157269224461999, 1.145050176741749359 ) ) ;
#944 = CARTESIAN_POINT ( 'NONE',  ( 34.99999999999823785, 1.508295522048385351, -0.7188265054825615508 ) ) ;
#945 = CARTESIAN_POINT ( 'NONE',  ( 114.9456594264839566, 1.122666261369426266, -1.218959169118020602 ) ) ;
#946 = CARTESIAN_POINT ( 'NONE',  ( 35.00000000000001421, 5.626556332889051326, 3.401741137085081856 ) ) ;
#947 = CARTESIAN_POINT ( 'NONE',  ( 42.39299048735182396, 27.88658562884553760, 1.575148717388042074 ) ) ;
#948 = EDGE_LOOP ( 'NONE', ( #1080, #1378, #1178, #546, #1322, #846 ) ) ;
#949 = CARTESIAN_POINT ( 'NONE',  ( 43.09430675148300338, 2.008042366690475866, 1.568354003159656118 ) ) ;
#950 = CARTESIAN_POINT ( 'NONE',  ( 34.99999999999997868, 29.29029059727000472, 1.743330381404892382 ) ) ;
#951 = CARTESIAN_POINT ( 'NONE',  ( 43.27819205116921353, 18.51712273374661422, 3.416886952286247059 ) ) ;
#952 = CARTESIAN_POINT ( 'NONE',  ( 35.29124773868641540, 4.002808957675971335, 2.152227031458466389 ) ) ;
#953 = CARTESIAN_POINT ( 'NONE',  ( 36.18537668698132137, 2.045048474548904149, 2.047413536733448503 ) ) ;
#954 = PRODUCT_DEFINITION ( 'UNKNOWN', '', #1560, #1466 ) ;
#955 = CARTESIAN_POINT ( 'NONE',  ( 34.00000000000000711, 27.70833333333333570, 0.6332785063987804719 ) ) ;
#956 = CARTESIAN_POINT ( 'NONE',  ( 39.36419339255655814, 25.98855614949984982, 1.385202532395367170 ) ) ;
#957 = VERTEX_POINT ( 'NONE', #1398 ) ;
#958 = CARTESIAN_POINT ( 'NONE',  ( 124.9999999999999716, 3.982548610672457912, -2.575364882845649461 ) ) ;
#959 = CARTESIAN_POINT ( 'NONE',  ( 34.99889051124215911, 1.077883212183422312, 0.8257554411607755940 ) ) ;
#960 = CARTESIAN_POINT ( 'NONE',  ( 36.17809552273933349, 11.70869934970974846, 2.966122788342015593 ) ) ;
#961 = CARTESIAN_POINT ( 'NONE',  ( 34.92647669807010402, 2.374349462274803813, 2.843447476346879110 ) ) ;
#962 = EDGE_CURVE ( 'NONE', #676, #1066, #1380, .T. ) ;
#963 = CARTESIAN_POINT ( 'NONE',  ( 43.08457110553484171, 1.799903569162519812, 2.329135820906088394 ) ) ;
#964 = CARTESIAN_POINT ( 'NONE',  ( 55.95612219258036646, 18.19762332565200680, -0.03908813714834390857 ) ) ;
#965 = CARTESIAN_POINT ( 'NONE',  ( 77.51250228087448590, 24.03703543935431952, 5.652511427618649442 ) ) ;
#966 = CARTESIAN_POINT ( 'NONE',  ( 36.45124122040270720, 27.52304848360850187, 1.419947104592405251 ) ) ;
#967 = CARTESIAN_POINT ( 'NONE',  ( 34.99999999999997868, 29.29029059727000472, 1.743330381404892382 ) ) ;
#968 = EDGE_LOOP ( 'NONE', ( #913, #1200 ) ) ;
#969 = VERTEX_POINT ( 'NONE', #126 ) ;
#970 =( BOUNDED_SURFACE ( )  B_SPLINE_SURFACE ( 3, 2, ( 
 ( #630, #1415, #1236 ),
 ( #229, #1035, #1026 ),
 ( #364, #1688, #602 ),
 ( #1169, #1153, #1133 ),
 ( #219, #1288, #1405 ),
 ( #489, #1566, #1697 ),
 ( #506, #897, #239 ),
 ( #471, #1000, #1541 ),
 ( #210, #744, #1271 ),
 ( #1019, #614, #481 ),
 ( #531, #514, #806 ),
 ( #1592, #912, #1 ),
 ( #136, #1321, #144 ),
 ( #675, #1473, #1057 ),
 ( #9, #247, #1313 ),
 ( #1337, #538, #122 ) ),
 .UNSPECIFIED., .F., .F., .T. ) 
 B_SPLINE_SURFACE_WITH_KNOTS ( ( 4, 2, 2, 2, 2, 2, 2, 4 ),
 ( 3, 3 ),
 ( 0.01084516405935618752, 0.01149098966094130002, 0.01213681526252641252, 0.01278264086411152675, 0.01342846646569663925, 0.01407429206728175175, 0.01472011766886686598, 0.01601176887203709098 ),
 ( 0.000000000000000000, 1.000000000000000000 ),
 .UNSPECIFIED. ) 
 GEOMETRIC_REPRESENTATION_ITEM ( )  RATIONAL_B_SPLINE_SURFACE ( (
 ( 1.000000000000000000, 0.7651706090945668004, 1.000000000000000000),
 ( 1.000000000000000000, 0.7650002342354500495, 1.000000000000000000),
 ( 1.000000000000000000, 0.7643571133841354781, 1.000000000000000000),
 ( 1.000000000000000000, 0.7621105561974711451, 1.000000000000000000),
 ( 1.000000000000000000, 0.7604832796273486295, 1.000000000000000000),
 ( 1.000000000000000000, 0.7563400621465519169, 1.000000000000000000),
 ( 1.000000000000000000, 0.7538448424954141691, 1.000000000000000000),
 ( 1.000000000000000000, 0.7480815592604196373, 1.000000000000000000),
 ( 1.000000000000000000, 0.7447844838575126136, 1.000000000000000000),
 ( 1.000000000000000000, 0.7377844913467175303, 1.000000000000000000),
 ( 1.000000000000000000, 0.7340566394167375996, 1.000000000000000000),
 ( 1.000000000000000000, 0.7262888373892169014, 1.000000000000000000),
 ( 1.000000000000000000, 0.7222917068532713758, 1.000000000000000000),
 ( 1.000000000000000000, 0.7105740197077119458, 1.000000000000000000),
 ( 1.000000000000000000, 0.7028690983027344741, 1.000000000000000000),
 ( 1.000000000000000000, 0.6967633228664795730, 1.000000000000000000) ) ) 
 REPRESENTATION_ITEM ( '' )  SURFACE ( )  );
#971 = CARTESIAN_POINT ( 'NONE',  ( 75.73607250204661057, 8.221806053908869316, -4.550051757515941375 ) ) ;
#972 = AXIS2_PLACEMENT_3D ( 'NONE', #26, #284, #1114 ) ;
#973 = CARTESIAN_POINT ( 'NONE',  ( 36.19876179759059909, 27.19552905586337843, 0.9343280348315738948 ) ) ;
#974 = CARTESIAN_POINT ( 'NONE',  ( 56.02929725467413391, 14.26937521196125580, -5.003655224130860724 ) ) ;
#975 = CARTESIAN_POINT ( 'NONE',  ( 97.47436827822762950, 23.85635988568328614, 18.84663779268322870 ) ) ;
#976 = CARTESIAN_POINT ( 'NONE',  ( 76.53836345075553993, 24.09783424712791344, 5.414999886677651197 ) ) ;
#977 = CARTESIAN_POINT ( 'NONE',  ( 35.17347766062404446, 12.14054646994428488, 3.495029069974841640 ) ) ;
#978 = B_SPLINE_CURVE_WITH_KNOTS ( 'NONE', 3,
 ( #1706, #1176, #775, #505, #363, #904, #135 ),
 .UNSPECIFIED., .F., .F.,
 ( 4, 3, 4 ),
 ( 0.000000000000000000, 1.618419038210827456E-05, 1.624419038130342667E-05 ),
 .UNSPECIFIED. ) ;
#979 = CARTESIAN_POINT ( 'NONE',  ( 34.00000000000000711, 27.60416666666666785, 0.3166392531993902359 ) ) ;
#980 = CARTESIAN_POINT ( 'NONE',  ( 65.73132085113314815, 25.27305013387653432, 4.436593936964376539 ) ) ;
#981 = CARTESIAN_POINT ( 'NONE',  ( 56.05513322984329960, 7.953093049707311124, -7.202615997204840248 ) ) ;
#982 = CARTESIAN_POINT ( 'NONE',  ( 36.24304622707367685, 27.64686732022678939, 1.192337545350927730 ) ) ;
#983 = CARTESIAN_POINT ( 'NONE',  ( 97.46592453385797228, 10.39381734611403196, 8.413734356746127574 ) ) ;
#984 = CARTESIAN_POINT ( 'NONE',  ( 34.00000000000002842, 21.46930167023815628, 2.500599940048696901 ) ) ;
#985 = CARTESIAN_POINT ( 'NONE',  ( 92.32954784614422294, 24.50162646616447049, 12.95825979247597992 ) ) ;
#986 = CARTESIAN_POINT ( 'NONE',  ( 34.75351944844614138, 17.59402395254172546, 4.472372482717235975 ) ) ;
#987 = CARTESIAN_POINT ( 'NONE',  ( 34.97292681262562297, 21.71951962029104521, 1.789758630512183091 ) ) ;
#988 = CARTESIAN_POINT ( 'NONE',  ( 45.20873059575900754, 27.97432206657630616, 2.379938956023804231 ) ) ;
#989 = CARTESIAN_POINT ( 'NONE',  ( 125.0000000000000284, 5.740925575200013675, 1.137121344774230547 ) ) ;
#990 = CARTESIAN_POINT ( 'NONE',  ( 36.31488657650972129, 2.146633747187375985, 1.450241676924334921 ) ) ;
#991 = CARTESIAN_POINT ( 'NONE',  ( 34.00000000000000711, 2.256427566980970134, -0.08012944757517244387 ) ) ;
#992 =( LENGTH_UNIT ( ) NAMED_UNIT ( * ) SI_UNIT ( .MILLI., .METRE. ) );
#993 = CARTESIAN_POINT ( 'NONE',  ( 124.9999999999998153, 17.73834550754329342, 12.54926613700339999 ) ) ;
#994 = CARTESIAN_POINT ( 'NONE',  ( 36.01239548427353299, 19.96297655230767631, 3.453301419644279058 ) ) ;
#995 = CARTESIAN_POINT ( 'NONE',  ( 70.66611022043771584, 25.89937335685633713, 4.938783478312252839 ) ) ;
#996 = CARTESIAN_POINT ( 'NONE',  ( 34.97508706313787030, 28.22799703050007736, 2.139154097454329051 ) ) ;
#997 = CARTESIAN_POINT ( 'NONE',  ( 36.46452907706176916, 3.092003217020664607, 2.164097222830160039 ) ) ;
#998 = CARTESIAN_POINT ( 'NONE',  ( 45.80394715079214762, 28.17363247276970739, 4.442622862460553712 ) ) ;
#999 = ADVANCED_FACE ( 'NONE', ( #1463 ), #533, .T. ) ;
#1000 = CARTESIAN_POINT ( 'NONE',  ( 35.00938561365986601, 27.15153425479342175, 0.7798039920547806814 ) ) ;
#1001 = CARTESIAN_POINT ( 'NONE',  ( 34.85029320707493383, 5.468982823552729577, 3.668397233494464782 ) ) ;
#1002 = CARTESIAN_POINT ( 'NONE',  ( 35.00000000000000711, 10.03206256437845667, 1.422510481037007946 ) ) ;
#1003 = CARTESIAN_POINT ( 'NONE',  ( 36.33589822388627510, 2.317652752831988128, 0.8303269914371925742 ) ) ;
#1004 =( NAMED_UNIT ( * ) PLANE_ANGLE_UNIT ( ) SI_UNIT ( $, .RADIAN. ) );
#1005 = B_SPLINE_CURVE_WITH_KNOTS ( 'NONE', 3,
 ( #267, #1715, #530, #1042, #789, #1304, #638, #782, #1465, #128, #521, #925, #388, #919, #1049, #1731, #1583, #113, #797, #513, #1056, #396 ),
 .UNSPECIFIED., .F., .F.,
 ( 4, 2, 2, 2, 2, 2, 2, 2, 2, 2, 4 ),
 ( 1.387778780781445676E-17, 0.005303756079502574411, 0.01060751215900513494, 0.01591126823850769548, 0.02121502431801025601, 0.02386690235776151719, 0.02651878039751277491, 0.03182253647701529381, 0.03712629255651780924, 0.03977817059626904961, 0.04243004863602028998 ),
 .UNSPECIFIED. ) ;
#1006 = CARTESIAN_POINT ( 'NONE',  ( 75.78554331156189505, 19.29698432916162076, 1.851293838246847567 ) ) ;
#1007 = CARTESIAN_POINT ( 'NONE',  ( 34.00000000000001421, 24.66534944194611612, 1.858938348138137187 ) ) ;
#1008 = CARTESIAN_POINT ( 'NONE',  ( 82.21532413278173124, 23.91313511980060724, 7.152641565109886912 ) ) ;
#1009 = CARTESIAN_POINT ( 'NONE',  ( 36.47122351515660199, 28.52326764729718889, 1.047538760485764886 ) ) ;
#1010 = CARTESIAN_POINT ( 'NONE',  ( 34.93841835358886527, 11.25392639262286565, 2.329531423771141529 ) ) ;
#1011 = CARTESIAN_POINT ( 'NONE',  ( 125.0000000000000000, 0.9912965560739185333, -3.105416366517994131 ) ) ;
#1012 = CARTESIAN_POINT ( 'NONE',  ( 36.25723018468168846, 27.77812139640525757, 1.309419048299054644 ) ) ;
#1013 = CARTESIAN_POINT ( 'NONE',  ( 75.78654305806814762, 20.38585297681753872, 2.718150174246886319 ) ) ;
#1014 = CARTESIAN_POINT ( 'NONE',  ( 36.11353691866796112, 15.00358973844682886, 4.008633725371066880 ) ) ;
#1015 = CARTESIAN_POINT ( 'NONE',  ( 98.74263364730683179, 24.51492403035512169, 15.02657106704556966 ) ) ;
#1016 = CARTESIAN_POINT ( 'NONE',  ( 124.9999999999999289, 2.079228325748413209, -2.898849153219591912 ) ) ;
#1017 = EDGE_CURVE ( 'NONE', #834, #676, #1462, .T. ) ;
#1018 = CARTESIAN_POINT ( 'NONE',  ( 34.98196528424714558, 6.054373744482362873, 1.520572146869939578 ) ) ;
#1019 = CARTESIAN_POINT ( 'NONE',  ( 36.22383157864177861, 27.45941329406521447, 1.070486909618138194 ) ) ;
#1020 = CARTESIAN_POINT ( 'NONE',  ( 35.98857583535825455, 2.339544949710892663, 0.7461908471967330092 ) ) ;
#1021 = CARTESIAN_POINT ( 'NONE',  ( 75.78130275494261525, 18.26827253600986722, 0.7075487229698689262 ) ) ;
#1022 = CARTESIAN_POINT ( 'NONE',  ( 124.9999999999998863, 5.171619778232060760, 2.436301122134564068 ) ) ;
#1023 = CARTESIAN_POINT ( 'NONE',  ( 104.5259720982685963, 24.71966232588541601, 15.36508081348485710 ) ) ;
#1024 = CARTESIAN_POINT ( 'NONE',  ( 97.42389081361490355, 2.143455403920884628, 5.457297067322523176 ) ) ;
#1025 = CARTESIAN_POINT ( 'NONE',  ( 35.00932567177436283, 25.76560508373098557, 0.7061321928122977765 ) ) ;
#1026 = CARTESIAN_POINT ( 'NONE',  ( 34.99740029659716356, 25.62739493666361312, -0.4314385766760809315 ) ) ;
#1027 = CARTESIAN_POINT ( 'NONE',  ( 63.42500272005707984, 25.55264408314063473, 4.414748826964877360 ) ) ;
#1028 = CARTESIAN_POINT ( 'NONE',  ( 120.9807093972002292, 24.84923655052557834, 16.64647937958123336 ) ) ;
#1029 = CARTESIAN_POINT ( 'NONE',  ( 55.92417678375323220, 23.86893329823283239, 2.672416129315187572 ) ) ;
#1030 = CARTESIAN_POINT ( 'NONE',  ( 125.0000000000001137, 7.036337893305386615, 6.212529424301143521 ) ) ;
#1031 = CARTESIAN_POINT ( 'NONE',  ( 121.6832067176923147, 24.80547786008277100, 17.00223254786165228 ) ) ;
#1032 = CARTESIAN_POINT ( 'NONE',  ( 114.8597106405995021, 4.243964721899666337, 3.519682527548604334 ) ) ;
#1033 = CARTESIAN_POINT ( 'NONE',  ( 35.01023269463810550, 2.299901686322288974, 0.4556150966676860703 ) ) ;
#1034 = CARTESIAN_POINT ( 'NONE',  ( 54.93730454133988417, 26.33897431853947069, 4.088931314051158061 ) ) ;
#1035 = CARTESIAN_POINT ( 'NONE',  ( 35.01087442640492498, 25.90263959924095261, 0.6650288386624831904 ) ) ;
#1036 = ORIENTED_EDGE ( 'NONE', *, *, #790, .T. ) ;
#1037 = CARTESIAN_POINT ( 'NONE',  ( 117.4526090454363612, 23.93597491391245313, 14.77943758870622659 ) ) ;
#1038 = DIRECTION ( 'NONE',  ( 0.000000000000000000, 0.3068982365079169217, 0.9517423351035355639 ) ) ;
#1039 = CARTESIAN_POINT ( 'NONE',  ( 97.41581137559612102, 2.076573284395240027, 0.8970877235389018711 ) ) ;
#1040 = CARTESIAN_POINT ( 'NONE',  ( 117.9597603486962072, 25.05245925010871844, 15.54644396314426835 ) ) ;
#1041 = CARTESIAN_POINT ( 'NONE',  ( 75.74547868096202308, 5.291295308236215078, -4.844344283004689444 ) ) ;
#1042 = CARTESIAN_POINT ( 'NONE',  ( 111.9025260206285992, 24.64259647347159188, 16.67961174696484150 ) ) ;
#1043 = CARTESIAN_POINT ( 'NONE',  ( 36.32555410915961147, 2.221117756601930893, 1.180111706656815640 ) ) ;
#1044 = CARTESIAN_POINT ( 'NONE',  ( 114.9424616894529834, 1.558848923490269378, -1.892388529395200747 ) ) ;
#1045 = EDGE_CURVE ( 'NONE', #390, #1630, #46, .T. ) ;
#1046 = CARTESIAN_POINT ( 'NONE',  ( 36.00259472684688689, 16.09009435043834557, 2.674435293770005551 ) ) ;
#1047 = CARTESIAN_POINT ( 'NONE',  ( 36.13146927454147317, 26.16443919901686144, 0.7946072965796082688 ) ) ;
#1048 = CARTESIAN_POINT ( 'NONE',  ( 34.96413735395575628, 0.7588604240141907376, 2.340482380486694325 ) ) ;
#1049 = CARTESIAN_POINT ( 'NONE',  ( 89.60420781492670983, 24.52305189949538899, 11.83848915150155889 ) ) ;
#1050 = CARTESIAN_POINT ( 'NONE',  ( 125.0000000000000000, 3.160989675362267270, -1.995723802459104856 ) ) ;
#1051 = ORIENTED_EDGE ( 'NONE', *, *, #642, .F. ) ;
#1052 = CARTESIAN_POINT ( 'NONE',  ( 122.6406801048575943, 23.57328166086087151, 14.70272481166267120 ) ) ;
#1053 = CARTESIAN_POINT ( 'NONE',  ( 35.98951407635037469, 15.08970910951275179, 2.713954696655292764 ) ) ;
#1054 = CARTESIAN_POINT ( 'NONE',  ( 114.9337379739507128, 1.520788099656919190, -1.585513946172997679 ) ) ;
#1055 = CARTESIAN_POINT ( 'NONE',  ( 34.99999999999999289, 1.162318334927198604, -0.01163570572969739418 ) ) ;
#1056 = CARTESIAN_POINT ( 'NONE',  ( 78.96649701428999890, 25.18142373029914438, 7.543648306298909034 ) ) ;
#1057 = CARTESIAN_POINT ( 'NONE',  ( 34.98992411197448149, 29.24848098519391115, 0.8954708907470212420 ) ) ;
#1058 = CARTESIAN_POINT ( 'NONE',  ( 43.08837586039221890, 2.802738648714170111, 1.830861713719014627 ) ) ;
#1059 = CARTESIAN_POINT ( 'NONE',  ( 65.96615464622480829, 26.45796506140195348, 5.696841995193997477 ) ) ;
#1060 = CARTESIAN_POINT ( 'NONE',  ( 97.41585228380081674, 2.075292984810044761, 0.8911788340399574571 ) ) ;
#1061 = CARTESIAN_POINT ( 'NONE',  ( 125.0000000000000000, 10.79908669622771278, 8.361219609325230451 ) ) ;
#1062 = CARTESIAN_POINT ( 'NONE',  ( 36.45664779426546431, 27.77821463167437344, 1.326582381565040158 ) ) ;
#1063 = ADVANCED_FACE ( 'NONE', ( #1349 ), #804, .F. ) ;
#1064 = CARTESIAN_POINT ( 'NONE',  ( 35.00000000000000711, 25.43786612632269239, -0.3101429117233375776 ) ) ;
#1065 = CARTESIAN_POINT ( 'NONE',  ( 35.01546385524427762, 1.588502224801828566, -0.5713229917847509887 ) ) ;
#1066 = VERTEX_POINT ( 'NONE', #950 ) ;
#1067 = CARTESIAN_POINT ( 'NONE',  ( 125.0000000000001137, 3.333053498447982932, -3.313222817948487720 ) ) ;
#1068 = CARTESIAN_POINT ( 'NONE',  ( 43.09037933002005616, 1.909970061872575009, 1.917938775139211849 ) ) ;
#1069 = CARTESIAN_POINT ( 'NONE',  ( 35.00000000000000711, 1.109170269133463282, 0.5710331886697519455 ) ) ;
#1070 = EDGE_CURVE ( 'NONE', #1585, #1593, #1147, .T. ) ;
#1071 = CARTESIAN_POINT ( 'NONE',  ( 36.17809926588143554, 2.203410030802305464, 1.416845823204570198 ) ) ;
#1072 = CARTESIAN_POINT ( 'NONE',  ( 125.0000000000000000, 25.19365624411121019, 15.75754650342753038 ) ) ;
#1073 = CARTESIAN_POINT ( 'NONE',  ( 35.69134625672005967, 2.220158791507077289, 0.5897730127630435026 ) ) ;
#1074 = ORIENTED_EDGE ( 'NONE', *, *, #384, .T. ) ;
#1075 = CARTESIAN_POINT ( 'NONE',  ( 75.75113248838326285, 3.070379160487492154, -7.195974995002846875 ) ) ;
#1076 = CARTESIAN_POINT ( 'NONE',  ( 97.41123883202902789, 0.6990482484974204214, 1.400613036756253038 ) ) ;
#1077 = CARTESIAN_POINT ( 'NONE',  ( 114.9456594264839566, 1.122666261369426710, -1.218959169118020158 ) ) ;
#1078 = CARTESIAN_POINT ( 'NONE',  ( 75.75066897019435430, 2.272056787073045481, -6.326964342184618673 ) ) ;
#1079 = CARTESIAN_POINT ( 'NONE',  ( 35.00000000000001421, 13.96619848948819786, 4.210870570748063813 ) ) ;
#1080 = ORIENTED_EDGE ( 'NONE', *, *, #769, .T. ) ;
#1081 = VERTEX_POINT ( 'NONE', #184 ) ;
#1082 = CARTESIAN_POINT ( 'NONE',  ( 34.00000000000000711, 4.028996934803774188, 0.4721168623406971077 ) ) ;
#1083 = B_SPLINE_CURVE_WITH_KNOTS ( 'NONE', 3,
 ( #153, #1065, #281, #16, #1355, #1089, #702, #1073, #289, #10 ),
 .UNSPECIFIED., .F., .F.,
 ( 4, 2, 2, 2, 4 ),
 ( 0.0001928777533962378011, 0.0006986889845047787422, 0.001204500215613319575, 0.001710311446721860841, 0.002216122677830401674 ),
 .UNSPECIFIED. ) ;
#1084 = FACE_OUTER_BOUND ( 'NONE', #1234, .T. ) ;
#1085 = CARTESIAN_POINT ( 'NONE',  ( 34.00000000000000000, 18.42611203703771139, 1.862383644813574435 ) ) ;
#1086 = CARTESIAN_POINT ( 'NONE',  ( 35.32193191421378486, 2.286652232247706973, 1.640150884928726960 ) ) ;
#1087 = CARTESIAN_POINT ( 'NONE',  ( 36.18530100661030247, 2.046695330099454146, 2.040856049148767504 ) ) ;
#1088 = CARTESIAN_POINT ( 'NONE',  ( 36.02978281815749995, 27.79342035678920908, 0.5005599472306664355 ) ) ;
#1089 = CARTESIAN_POINT ( 'NONE',  ( 35.35713529336020144, 2.039946323053143828, 0.2574356566459704010 ) ) ;
#1090 = VERTEX_POINT ( 'NONE', #826 ) ;
#1091 = CARTESIAN_POINT ( 'NONE',  ( 114.9182556956295826, 3.369052858622317626, 0.1585030290362622607 ) ) ;
#1092 = ADVANCED_FACE ( 'NONE', ( #1084 ), #1104, .F. ) ;
#1093 = CARTESIAN_POINT ( 'NONE',  ( 125.0000000000000000, 24.78337347911708122, 15.87582783758519689 ) ) ;
#1094 = CARTESIAN_POINT ( 'NONE',  ( 75.77553025055000546, 17.39332206562550809, -0.3614320404134517273 ) ) ;
#1095 = CARTESIAN_POINT ( 'NONE',  ( 35.33183640308597262, 1.705631514296164886, 1.452477390481283548 ) ) ;
#1096 = CARTESIAN_POINT ( 'NONE',  ( 34.00000000000000711, 2.185377713094795560, 0.9563689532692912776 ) ) ;
#1097 = CARTESIAN_POINT ( 'NONE',  ( 97.40588624190709766, 19.23079220312650151, 10.04406355173161813 ) ) ;
#1098 = CARTESIAN_POINT ( 'NONE',  ( 92.55242568938668057, 24.59542214131165494, 12.32552701789043148 ) ) ;
#1099 = CARTESIAN_POINT ( 'NONE',  ( 35.30747608580063002, 26.78668151416428245, 1.490098136550097818 ) ) ;
#1100 = CARTESIAN_POINT ( 'NONE',  ( 36.32541993076163322, 2.221125512818928005, 1.180081627853214910 ) ) ;
#1101 = CARTESIAN_POINT ( 'NONE',  ( 40.46149837038714736, 27.82559862871685397, 1.085883651883938539 ) ) ;
#1102 = ORIENTED_EDGE ( 'NONE', *, *, #1146, .F. ) ;
#1103 = CARTESIAN_POINT ( 'NONE',  ( 56.05780751965749431, 10.16895975704057697, -6.955628335082887581 ) ) ;
#1104 = PLANE ( 'NONE',  #972 ) ;
#1105 = CARTESIAN_POINT ( 'NONE',  ( 97.45415384434863881, 11.86693196838022679, 8.362710533012638336 ) ) ;
#1106 = APPLICATION_PROTOCOL_DEFINITION ( 'draft international standard', 'automotive_design', 1998, #400 ) ;
#1107 = CARTESIAN_POINT ( 'NONE',  ( 43.32895875500165062, 23.32880144747748119, 3.707863896721772523 ) ) ;
#1108 = CARTESIAN_POINT ( 'NONE',  ( 89.67485491109952989, 24.52333262931896130, 11.88274213033974469 ) ) ;
#1109 = CARTESIAN_POINT ( 'NONE',  ( 36.27713714125257383, 14.52065074708819736, 3.805044975652231098 ) ) ;
#1110 = CARTESIAN_POINT ( 'NONE',  ( 125.0000000000000000, 25.11898436616681352, 16.08331975514129653 ) ) ;
#1111 = CARTESIAN_POINT ( 'NONE',  ( 53.45308678992177676, 26.37137034703625460, 3.910500251047916542 ) ) ;
#1112 = B_SPLINE_CURVE_WITH_KNOTS ( 'NONE', 3,
 ( #967, #822, #298, #682, #582, #1376, #1639, #561, #22, #1490, #832, #1079, #1613, #1213, #1354, #722, #946, #1510, #713, #553, #572, #1232 ),
 .UNSPECIFIED., .F., .F.,
 ( 4, 2, 2, 2, 2, 2, 2, 2, 2, 2, 4 ),
 ( 0.0005017757101480193683, 0.002300849246072150713, 0.004099922781996282600, 0.007698069853844555048, 0.01129621692569282750, 0.01489436399754109908, 0.01849251106938936892, 0.02209065814123764571, 0.02568880521308591208, 0.02748787874901004527, 0.02928695228493418540 ),
 .UNSPECIFIED. ) ;
#1113 = CARTESIAN_POINT ( 'NONE',  ( 97.46761596842486597, 6.729541695709383653, 7.586735005822599298 ) ) ;
#1114 = DIRECTION ( 'NONE',  ( 0.000000000000000000, 0.000000000000000000, -1.000000000000000000 ) ) ;
#1115 = CARTESIAN_POINT ( 'NONE',  ( 75.74162150851235253, 12.07123968768917699, -3.952439000337276465 ) ) ;
#1116 = CARTESIAN_POINT ( 'NONE',  ( 34.98857520894099338, 1.414012496102433847, -0.8942062671864484669 ) ) ;
#1117 = CARTESIAN_POINT ( 'NONE',  ( 114.9211735682551705, 16.87636509823981257, 11.54902146895486048 ) ) ;
#1118 = CARTESIAN_POINT ( 'NONE',  ( 68.66828711927577444, 26.31549327461636167, 6.201371644372643210 ) ) ;
#1119 = CARTESIAN_POINT ( 'NONE',  ( 36.43589575890828769, 26.81658454101865985, 1.672044699273146806 ) ) ;
#1120 = CARTESIAN_POINT ( 'NONE',  ( 36.27795462088380418, 14.37752174233523306, 3.806222271966484438 ) ) ;
#1121 = CARTESIAN_POINT ( 'NONE',  ( 62.86111130395674707, 25.61999106123418457, 4.410168356877210982 ) ) ;
#1122 = CARTESIAN_POINT ( 'NONE',  ( 97.45918760880121567, 5.716983509543541508, 7.025333059791886825 ) ) ;
#1123 = CARTESIAN_POINT ( 'NONE',  ( 36.30131037472830968, 2.069372788605144731, 1.730077018530843613 ) ) ;
#1124 = CARTESIAN_POINT ( 'NONE',  ( 75.76361384425986500, 15.80858457484349699, -2.061071711692276764 ) ) ;
#1125 =( NAMED_UNIT ( * ) SI_UNIT ( $, .STERADIAN. ) SOLID_ANGLE_UNIT ( ) );
#1126 = CARTESIAN_POINT ( 'NONE',  ( 35.98763815445155245, 24.55354176675211519, 1.294449373127703140 ) ) ;
#1127 = CARTESIAN_POINT ( 'NONE',  ( 55.97640003929598862, 16.61122946143948909, -1.296942246859158265 ) ) ;
#1128 = CARTESIAN_POINT ( 'NONE',  ( 82.73084914254128819, 24.83609059277826603, 8.914020803228764223 ) ) ;
#1129 = EDGE_CURVE ( 'NONE', #555, #1066, #432, .T. ) ;
#1130 = CARTESIAN_POINT ( 'NONE',  ( 34.95034085789136924, 27.14402148758530586, 2.515935381668528148 ) ) ;
#1131 = CARTESIAN_POINT ( 'NONE',  ( 36.10892607992128944, 23.80418573774571556, 1.526071757738155954 ) ) ;
#1132 = CARTESIAN_POINT ( 'NONE',  ( 54.38274940733872143, 26.35672801731812243, 4.028656445500471861 ) ) ;
#1133 = CARTESIAN_POINT ( 'NONE',  ( 34.99609931228101090, 26.26614339412828159, -0.5230731044654020057 ) ) ;
#1134 = CARTESIAN_POINT ( 'NONE',  ( 34.74220563088471181, 12.08254477917292391, 4.565199648157978629 ) ) ;
#1135 = CARTESIAN_POINT ( 'NONE',  ( 35.00000000000672884, 23.35918686690468959, 0.2725199982190998349 ) ) ;
#1136 = CARTESIAN_POINT ( 'NONE',  ( 35.98907539057567107, 3.290197271012312630, 1.053780358461614108 ) ) ;
#1137 = CARTESIAN_POINT ( 'NONE',  ( 75.78373358528743609, 21.58153476300805451, 3.204872744364454018 ) ) ;
#1138 = CARTESIAN_POINT ( 'NONE',  ( 97.48863055352995843, 23.71033665453278161, 20.18782017449764510 ) ) ;
#1139 = CARTESIAN_POINT ( 'NONE',  ( 70.58428583544316837, 24.68637004345768560, 4.601225678809339747 ) ) ;
#1140 = CARTESIAN_POINT ( 'NONE',  ( 34.98900580313231501, 28.87929211213694813, 1.903399067204094131 ) ) ;
#1141 = CARTESIAN_POINT ( 'NONE',  ( 36.48990307090773655, 2.045032939336402400, 1.823619922670432603 ) ) ;
#1142 = CARTESIAN_POINT ( 'NONE',  ( 60.01218443651019641, 25.94383485504387821, 4.371576404318234133 ) ) ;
#1143 = CARTESIAN_POINT ( 'NONE',  ( 97.41581137559612102, 2.076573284395240027, 0.8970877235389017601 ) ) ;
#1144 = CARTESIAN_POINT ( 'NONE',  ( 36.29851256086495681, 2.055081181562296688, 1.781789700705128210 ) ) ;
#1145 = CARTESIAN_POINT ( 'NONE',  ( 35.00000000000081002, 1.086728055312937258, 0.8371564893654929174 ) ) ;
#1146 = EDGE_CURVE ( 'NONE', #957, #1641, #1567, .T. ) ;
#1147 = B_SPLINE_CURVE_WITH_KNOTS ( 'NONE', 3,
 ( #1217, #1210, #585, #1494 ),
 .UNSPECIFIED., .F., .F.,
 ( 4, 4 ),
 ( 0.0004397837944638153867, 0.001902750530711052723 ),
 .UNSPECIFIED. ) ;
#1148 = CARTESIAN_POINT ( 'NONE',  ( 36.00048035820885417, 26.12163050827697219, 0.7775229019901497285 ) ) ;
#1149 = CARTESIAN_POINT ( 'NONE',  ( 56.05715424059810204, 6.921416379537946639, -6.338405379314018262 ) ) ;
#1150 = CARTESIAN_POINT ( 'NONE',  ( 43.27263687958088667, 28.25722559360128372, 2.273133353533082879 ) ) ;
#1151 = CARTESIAN_POINT ( 'NONE',  ( 36.19274821281246801, 4.027733995140441614, 2.637497487953311293 ) ) ;
#1152 = CARTESIAN_POINT ( 'NONE',  ( 34.96236636098862505, 8.111622947458171140, 1.928786217480563669 ) ) ;
#1153 = CARTESIAN_POINT ( 'NONE',  ( 35.01311849626407735, 26.32435987335609084, 0.6160865195214226819 ) ) ;
#1154 = CARTESIAN_POINT ( 'NONE',  ( 35.98857595119608987, 2.339582889454227210, 0.7462035184751756312 ) ) ;
#1155 = CARTESIAN_POINT ( 'NONE',  ( 78.12273115624951458, 25.27374984526389667, 7.296830171404427468 ) ) ;
#1156 = CARTESIAN_POINT ( 'NONE',  ( 97.46401672283336381, 11.02565121398315462, 9.552795589641441154 ) ) ;
#1157 = CARTESIAN_POINT ( 'NONE',  ( 116.0256786049522049, 24.99021191567802447, 15.63157140899380160 ) ) ;
#1158 = CARTESIAN_POINT ( 'NONE',  ( 56.04534366467615314, 3.253642099989122904, -6.362725865607032461 ) ) ;
#1159 = CARTESIAN_POINT ( 'NONE',  ( 35.00003140023716952, 3.832031059380399451, -0.1278159538302450215 ) ) ;
#1160 = SURFACE_STYLE_USAGE ( .BOTH. , #639 ) ;
#1161 = CARTESIAN_POINT ( 'NONE',  ( 97.41125639898191935, 2.252471062212171304, 1.160238258858108162 ) ) ;
#1162 = CARTESIAN_POINT ( 'NONE',  ( 36.32759370668613741, 2.238559808173858023, 1.116935843543772400 ) ) ;
#1163 = CARTESIAN_POINT ( 'NONE',  ( 75.77712595330663703, 22.92906579999728578, 3.196562708946030895 ) ) ;
#1164 = CARTESIAN_POINT ( 'NONE',  ( 33.99999999999998579, 15.00000000000001066, 3.013929213577143607 ) ) ;
#1165 = CARTESIAN_POINT ( 'NONE',  ( 99.01071962413716676, 24.39316673867649499, 13.85421139056823669 ) ) ;
#1166 = CARTESIAN_POINT ( 'NONE',  ( 43.06817576852169793, 4.314509337671393219, 3.317527429179682130 ) ) ;
#1167 = CARTESIAN_POINT ( 'NONE',  ( 35.98859576587885556, 2.332659458163471200, 0.7441173776091704051 ) ) ;
#1168 = CARTESIAN_POINT ( 'NONE',  ( 40.83802580808949045, 26.03185741828286481, 1.646235992767527856 ) ) ;
#1169 = CARTESIAN_POINT ( 'NONE',  ( 36.13917211457027179, 26.33327761554848578, 0.7834763103037053478 ) ) ;
#1170 = CARTESIAN_POINT ( 'NONE',  ( 124.5280391207703587, 23.45090674000568498, 14.71139756411804633 ) ) ;
#1171 = CARTESIAN_POINT ( 'NONE',  ( 35.00000000000000711, 25.01434323763056966, -0.2006320984027178400 ) ) ;
#1172 = CARTESIAN_POINT ( 'NONE',  ( 75.75082700537095093, 2.166861671348543350, -7.608083078092542806 ) ) ;
#1173 = CARTESIAN_POINT ( 'NONE',  ( 43.04347178590620615, 8.285453616154596190, 4.203216294105653006 ) ) ;
#1174 = CARTESIAN_POINT ( 'NONE',  ( 125.0000000000000000, 13.01234128983298710, 9.843503505699169764 ) ) ;
#1175 = CARTESIAN_POINT ( 'NONE',  ( 34.00000000000002842, 5.336098172931853512, 1.850917578239265504 ) ) ;
#1176 = CARTESIAN_POINT ( 'NONE',  ( 36.29794522973826076, 2.052189659763891338, 1.792252129102103186 ) ) ;
#1177 = CARTESIAN_POINT ( 'NONE',  ( 35.00000000000001421, 27.35317164799818457, -0.3377166174784699826 ) ) ;
#1178 = ORIENTED_EDGE ( 'NONE', *, *, #613, .F. ) ;
#1179 = CARTESIAN_POINT ( 'NONE',  ( 114.9417394056684287, 1.709378876952844184, -1.801090624547170504 ) ) ;
#1180 = CARTESIAN_POINT ( 'NONE',  ( 35.95175998019708885, 10.11344209874626365, 2.502970934806049819 ) ) ;
#1181 = CARTESIAN_POINT ( 'NONE',  ( 125.0000000000000000, 1.424999999999999156, -4.070000000000000284 ) ) ;
#1182 = CARTESIAN_POINT ( 'NONE',  ( 43.06280513430926504, 4.994508907217066529, 3.499893953238987443 ) ) ;
#1183 = CARTESIAN_POINT ( 'NONE',  ( 60.59385275986898733, 25.88087439354776009, 4.383020006196489682 ) ) ;
#1184 = CARTESIAN_POINT ( 'NONE',  ( 125.0000000000000000, 20.95722637429209101, 15.11892412240426786 ) ) ;
#1185 = EDGE_LOOP ( 'NONE', ( #290, #421, #1036, #823, #677, #255 ) ) ;
#1186 = CARTESIAN_POINT ( 'NONE',  ( 95.04291921597440762, 24.32844889223124696, 12.66416092781076941 ) ) ;
#1187 = CARTESIAN_POINT ( 'NONE',  ( 40.82567398535363878, 27.90867701016752989, 2.158745880606026013 ) ) ;
#1188 = CARTESIAN_POINT ( 'NONE',  ( 43.09040525359408491, 1.910617403818564153, 1.915631284895116027 ) ) ;
#1189 = CARTESIAN_POINT ( 'NONE',  ( 34.99163318240686493, 1.375746610208229193, -0.7652497813599504761 ) ) ;
#1190 = CARTESIAN_POINT ( 'NONE',  ( 35.69182673557219232, 1.892409728875889652, 1.844507550861613332 ) ) ;
#1191 = CARTESIAN_POINT ( 'NONE',  ( 35.00000000000001421, 27.11579643752047986, -0.3858219385829124159 ) ) ;
#1192 = CARTESIAN_POINT ( 'NONE',  ( 104.2299388546978776, 24.40068660086616603, 14.68990709564311992 ) ) ;
#1193 = CARTESIAN_POINT ( 'NONE',  ( 55.44758928641082463, 27.46940415428392157, 5.761766359036694318 ) ) ;
#1194 = CARTESIAN_POINT ( 'NONE',  ( 97.41582501166435293, 2.076146517866841457, 0.8951180937059204368 ) ) ;
#1195 = EDGE_CURVE ( 'NONE', #269, #941, #143, .T. ) ;
#1196 = CARTESIAN_POINT ( 'NONE',  ( 36.18536406047019227, 2.181297868735173839, 2.071334739733152741 ) ) ;
#1197 = CARTESIAN_POINT ( 'NONE',  ( 36.12208520794700917, 25.82476906594898836, 0.8779442407048564379 ) ) ;
#1198 = STYLED_ITEM ( 'NONE', ( #1708 ), #1342 ) ;
#1199 = CARTESIAN_POINT ( 'NONE',  ( 34.99999999999987921, 3.824539178178257171, -0.1093161772480535504 ) ) ;
#1200 = ORIENTED_EDGE ( 'NONE', *, *, #761, .T. ) ;
#1201 = CARTESIAN_POINT ( 'NONE',  ( 34.00000000000000711, 3.262419237360434821, 0.2451877627625719813 ) ) ;
#1202 = CARTESIAN_POINT ( 'NONE',  ( 75.75221955455853617, 2.118338220007923933, -7.566782667088870262 ) ) ;
#1203 = CARTESIAN_POINT ( 'NONE',  ( 35.00000000000000711, 1.154477546208530159, 0.02582138922345995208 ) ) ;
#1204 = CARTESIAN_POINT ( 'NONE',  ( 125.0000000000000000, 1.105577798146987645, -3.094989677223356495 ) ) ;
#1205 = B_SPLINE_CURVE_WITH_KNOTS ( 'NONE', 3,
 ( #272, #1055, #1211, #1335, #141, #13, #944 ),
 .UNSPECIFIED., .F., .F.,
 ( 4, 3, 4 ),
 ( -3.886544783833175472E-05, 0.000000000000000000, 0.0007613755686066747729 ),
 .UNSPECIFIED. ) ;
#1206 = CARTESIAN_POINT ( 'NONE',  ( 36.32546468537294260, 2.221121680265925047, 1.180096173870040177 ) ) ;
#1207 = ORIENTED_EDGE ( 'NONE', *, *, #348, .T. ) ;
#1208 = ORIENTED_EDGE ( 'NONE', *, *, #1589, .T. ) ;
#1209 = CARTESIAN_POINT ( 'NONE',  ( 56.04496383437996343, 5.177304370877719109, -7.174134916216491575 ) ) ;
#1210 = CARTESIAN_POINT ( 'NONE',  ( 35.00000000000000711, 1.004200246289879139, 1.808977632555391013 ) ) ;
#1211 = CARTESIAN_POINT ( 'NONE',  ( 35.00000000000000711, 1.168014523326665666, -0.02327139782653368100 ) ) ;
#1212 = CARTESIAN_POINT ( 'NONE',  ( 125.0000000000000000, 1.345180768245422431, -3.073128996695476900 ) ) ;
#1213 = CARTESIAN_POINT ( 'NONE',  ( 35.00000000000001421, 10.37387463184601444, 4.059091052982693348 ) ) ;
#1214 = CARTESIAN_POINT ( 'NONE',  ( 39.16643806579781995, 28.43615747751544376, 2.610301976815711633 ) ) ;
#1215 = ORIENTED_EDGE ( 'NONE', *, *, #1280, .F. ) ;
#1216 = CARTESIAN_POINT ( 'NONE',  ( 36.17499391308045631, 2.292324668553151312, 1.061898544167610092 ) ) ;
#1217 = CARTESIAN_POINT ( 'NONE',  ( 34.99999999999717915, 0.9593749202604886506, 2.294571365088824422 ) ) ;
#1218 = CARTESIAN_POINT ( 'NONE',  ( 97.42625305724656926, 14.81585834004418700, 8.224481122670173505 ) ) ;
#1219 = CARTESIAN_POINT ( 'NONE',  ( 97.41123883202902789, 0.6990482484974204214, 1.400613036756253038 ) ) ;
#1220 = CARTESIAN_POINT ( 'NONE',  ( 75.75067225711718777, 2.269868867677451885, -6.353609918940216872 ) ) ;
#1221 = EDGE_CURVE ( 'NONE', #373, #927, #3, .T. ) ;
#1222 = CARTESIAN_POINT ( 'NONE',  ( 125.0000000000000000, 25.34299999999999287, 15.10600000000000165 ) ) ;
#1223 = ORIENTED_EDGE ( 'NONE', *, *, #250, .F. ) ;
#1224 = VERTEX_POINT ( 'NONE', #82 ) ;
#1225 = CARTESIAN_POINT ( 'NONE',  ( 56.04875906763375326, 6.076744139027925762, -7.202712169136033182 ) ) ;
#1226 = CARTESIAN_POINT ( 'NONE',  ( 125.0000000000000000, 24.17661279645452410, 15.08075946894726371 ) ) ;
#1227 = CARTESIAN_POINT ( 'NONE',  ( 114.7529097874334951, 8.745665728654920201, 7.256035180307778276 ) ) ;
#1228 = CARTESIAN_POINT ( 'NONE',  ( 36.45756958856347296, 3.389527821555313736, 2.242380630510031558 ) ) ;
#1229 = CARTESIAN_POINT ( 'NONE',  ( 56.04083067795296103, 0.9862965162124565088, -6.693756985235571833 ) ) ;
#1230 = CARTESIAN_POINT ( 'NONE',  ( 55.92792542643584142, 24.71210278458170251, 4.810368537620545837 ) ) ;
#1231 = CARTESIAN_POINT ( 'NONE',  ( 36.46086959689168339, 27.97969332192841918, 1.251763463643845942 ) ) ;
#1232 = CARTESIAN_POINT ( 'NONE',  ( 34.99999999999717915, 0.9593749202604886506, 2.294571365088824422 ) ) ;
#1233 = CARTESIAN_POINT ( 'NONE',  ( 36.17573062688806829, 28.35422595865309958, 2.112942167325116305 ) ) ;
#1234 = EDGE_LOOP ( 'NONE', ( #1215, #442, #1640, #1223, #282, #32, #1365, #800, #1608 ) ) ;
#1235 = CARTESIAN_POINT ( 'NONE',  ( 36.19178218739138231, 4.619244126532810135, 1.776719380840424467 ) ) ;
#1236 = CARTESIAN_POINT ( 'NONE',  ( 34.99807695472793512, 25.41956046832456195, -0.3668916337866933719 ) ) ;
#1237 = CARTESIAN_POINT ( 'NONE',  ( 37.70197525074368627, 1.981837614862855368, 2.075124731049156956 ) ) ;
#1238 = CARTESIAN_POINT ( 'NONE',  ( 36.00777013931037374, 19.77400717838123612, 2.441911652472228411 ) ) ;
#1239 = CARTESIAN_POINT ( 'NONE',  ( 34.99978234610907180, 29.45893134461461216, 1.693052880316584297 ) ) ;
#1240 = CARTESIAN_POINT ( 'NONE',  ( 125.0000000000000000, 25.11898436617081387, 16.08331975514219891 ) ) ;
#1241 = CARTESIAN_POINT ( 'NONE',  ( 73.14059085843221908, 25.57340408969411527, 5.136715400531612019 ) ) ;
#1242 = CARTESIAN_POINT ( 'NONE',  ( 34.73537177387092356, 13.91799148456392565, 4.614065314024323960 ) ) ;
#1243 = CARTESIAN_POINT ( 'NONE',  ( 36.32541945490479662, 2.221121772623465773, 1.180095173586747093 ) ) ;
#1244 = CARTESIAN_POINT ( 'NONE',  ( 47.86017089618923848, 26.24647244705966287, 2.984121720287246760 ) ) ;
#1245 = CARTESIAN_POINT ( 'NONE',  ( 124.9999999999998437, 6.243937651566803027, 2.402639107508218963 ) ) ;
#1246 = CARTESIAN_POINT ( 'NONE',  ( 36.22807721043102447, 27.50376143001635754, 1.093955328479781608 ) ) ;
#1247 = CARTESIAN_POINT ( 'NONE',  ( 125.0000000000000853, 7.919727198155000814, 5.625860369586695775 ) ) ;
#1248 = SHAPE_DEFINITION_REPRESENTATION ( #392, #1660 ) ;
#1249 = CARTESIAN_POINT ( 'NONE',  ( 35.99494572699337169, 21.60274332400473440, 3.128706385209552465 ) ) ;
#1250 = CARTESIAN_POINT ( 'NONE',  ( 68.63049046500731265, 24.91966250252126613, 4.502705770071426805 ) ) ;
#1251 = CARTESIAN_POINT ( 'NONE',  ( 35.32602778944009714, 28.05167552403182540, 1.036043218641325758 ) ) ;
#1252 = CARTESIAN_POINT ( 'NONE',  ( 36.32541968194060189, 2.221124276953001964, 1.180086102397400749 ) ) ;
#1253 = CARTESIAN_POINT ( 'NONE',  ( 54.24355668897051430, 27.49973245635717234, 6.373484436662805841 ) ) ;
#1254 = CARTESIAN_POINT ( 'NONE',  ( 43.04927222881662630, 8.672223241657624371, 3.244679712182508169 ) ) ;
#1255 = CARTESIAN_POINT ( 'NONE',  ( 35.00000000000000711, 7.547108716446715881, 0.9578989406308334731 ) ) ;
#1256 = CARTESIAN_POINT ( 'NONE',  ( 55.99364775670186845, 16.45663847817591119, -3.051545814563831893 ) ) ;
#1257 = CARTESIAN_POINT ( 'NONE',  ( 35.98320475339944835, 1.246348068947038978, 0.3805054391042443918 ) ) ;
#1258 = CARTESIAN_POINT ( 'NONE',  ( 43.29704351633927928, 20.00863422909752742, 4.270308788381594667 ) ) ;
#1259 = CARTESIAN_POINT ( 'NONE',  ( 73.63652300078904034, 25.51159115441892666, 5.197446925762132963 ) ) ;
#1260 = CARTESIAN_POINT ( 'NONE',  ( 36.31383486579662900, 21.03806279360550491, 3.180320751540501423 ) ) ;
#1261 = CARTESIAN_POINT ( 'NONE',  ( 36.31631607943832307, 10.54919464293832654, 3.658736859861729585 ) ) ;
#1262 = CARTESIAN_POINT ( 'NONE',  ( 50.70511280101617757, 28.05534312987148837, 3.947918784030920225 ) ) ;
#1263 = CARTESIAN_POINT ( 'NONE',  ( 35.20403244256663555, 9.205346671662834268, 3.228650136097949819 ) ) ;
#1264 = CARTESIAN_POINT ( 'NONE',  ( 35.00000000000002132, 15.89805801695786869, 1.639812204612687285 ) ) ;
#1265 = CARTESIAN_POINT ( 'NONE',  ( 97.39598009191340111, 21.55775946238785323, 10.01194424796942073 ) ) ;
#1266 = CARTESIAN_POINT ( 'NONE',  ( 114.7101347893129315, 24.04759380518051159, 17.06287433934037168 ) ) ;
#1267 = CARTESIAN_POINT ( 'NONE',  ( 80.07268251156185102, 25.06794812207126100, 7.914374026737212908 ) ) ;
#1268 = CARTESIAN_POINT ( 'NONE',  ( 36.27183341247205561, 16.31293855783429692, 3.749690701554106997 ) ) ;
#1269 = CARTESIAN_POINT ( 'NONE',  ( 36.28137600700132737, 13.82575431074350014, 3.808453623036994973 ) ) ;
#1270 = CARTESIAN_POINT ( 'NONE',  ( 60.11927059646335181, 27.38209884731190513, 5.068680645246412375 ) ) ;
#1271 = CARTESIAN_POINT ( 'NONE',  ( 34.99910235727569585, 27.75032020222008811, -0.2675202260536503895 ) ) ;
#1272 = CARTESIAN_POINT ( 'NONE',  ( 36.33589918060958723, 2.317663387338412484, 0.8302884428710024523 ) ) ;
#1273 = CARTESIAN_POINT ( 'NONE',  ( 36.32861328194493211, 2.247267886118154312, 1.085389362703799598 ) ) ;
#1274 = CARTESIAN_POINT ( 'NONE',  ( 34.99056890424857613, 1.655402414317906690, -0.8161967958003932821 ) ) ;
#1275 = CARTESIAN_POINT ( 'NONE',  ( 125.0000000000000568, 19.55673540314462144, 13.40862003178342121 ) ) ;
#1276 = CARTESIAN_POINT ( 'NONE',  ( 34.00000000000002842, 7.194990605778258441, 2.259976843082245779 ) ) ;
#1277 = CARTESIAN_POINT ( 'NONE',  ( 34.00000000000000711, 27.81250000000000355, 0.9499177595981775912 ) ) ;
#1278 = CARTESIAN_POINT ( 'NONE',  ( 43.08084258917389064, 2.148809803590413292, 2.668610309040057693 ) ) ;
#1279 = CARTESIAN_POINT ( 'NONE',  ( 36.12208520794701627, 25.82476906594898125, 0.8779442407048565489 ) ) ;
#1280 = EDGE_CURVE ( 'NONE', #172, #1356, #1645, .T. ) ;
#1281 = CARTESIAN_POINT ( 'NONE',  ( 36.32555341777239732, 2.221112445677976055, 1.180130976220131078 ) ) ;
#1282 = CARTESIAN_POINT ( 'NONE',  ( 118.9685424137481249, 24.75348523996263950, 16.92573720435539286 ) ) ;
#1283 = CARTESIAN_POINT ( 'NONE',  ( 43.27631856934784338, 27.91303668711505637, 1.331611228101201805 ) ) ;
#1284 = CARTESIAN_POINT ( 'NONE',  ( 36.15588299771681591, 13.34787289125990561, 4.044516025924353997 ) ) ;
#1285 = CARTESIAN_POINT ( 'NONE',  ( 98.87901334704680778, 24.64435923977398346, 14.42110625372774813 ) ) ;
#1286 = CARTESIAN_POINT ( 'NONE',  ( 56.04111096624551891, 1.447267013499385246, -6.585428637213978753 ) ) ;
#1287 = CARTESIAN_POINT ( 'NONE',  ( 34.93031969072672638, 14.41428076420551818, 2.459681413486178858 ) ) ;
#1288 = CARTESIAN_POINT ( 'NONE',  ( 35.01329685774446432, 26.46865374018007344, 0.6195632101102408473 ) ) ;
#1289 = CARTESIAN_POINT ( 'NONE',  ( 106.1245546250479634, 24.38628628870208104, 14.83427799604509367 ) ) ;
#1290 = CARTESIAN_POINT ( 'NONE',  ( 36.32542128446195306, 2.221136152982480017, 1.180043092746946298 ) ) ;
#1291 = CARTESIAN_POINT ( 'NONE',  ( 35.22468576872497437, 28.66188036191991984, 1.500652847003181467 ) ) ;
#1292 = CARTESIAN_POINT ( 'NONE',  ( 75.73655398784426040, 11.30333491328610940, -3.063336100983326649 ) ) ;
#1293 = CARTESIAN_POINT ( 'NONE',  ( 116.0173112684123709, 24.03374465213902056, 14.83123837993228200 ) ) ;
#1294 = CARTESIAN_POINT ( 'NONE',  ( 43.07730155969229457, 2.959229928674365073, 2.922859599759391358 ) ) ;
#1295 = CARTESIAN_POINT ( 'NONE',  ( 35.00687471015890395, 3.039088085809852124, 0.6976898451004166501 ) ) ;
#1296 = CARTESIAN_POINT ( 'NONE',  ( 51.17359543203113503, 26.35267271313128390, 3.567219185653049518 ) ) ;
#1297 = CARTESIAN_POINT ( 'NONE',  ( 37.59653313360784210, 2.147649396352135032, 1.465017704790598563 ) ) ;
#1298 = CARTESIAN_POINT ( 'NONE',  ( 120.2822344433114523, 23.73764714695725075, 14.72196939395698934 ) ) ;
#1299 = CARTESIAN_POINT ( 'NONE',  ( 36.32541945490479662, 2.221121772623465773, 1.180095173586747093 ) ) ;
#1300 = CARTESIAN_POINT ( 'NONE',  ( 35.98844175214024688, 2.296704115191809059, 0.7318817503514342127 ) ) ;
#1301 = CARTESIAN_POINT ( 'NONE',  ( 36.21101294040832386, 10.06142486218109333, 3.858119231653048153 ) ) ;
#1302 = CARTESIAN_POINT ( 'NONE',  ( 110.2636222848381777, 24.83381490010709669, 15.70345223944199731 ) ) ;
#1303 = CARTESIAN_POINT ( 'NONE',  ( 34.00000000000001421, 2.969432097943838222, 1.199230023955106139 ) ) ;
#1304 = CARTESIAN_POINT ( 'NONE',  ( 106.6159345200861992, 24.57991944703423215, 16.30114050821421046 ) ) ;
#1305 = CARTESIAN_POINT ( 'NONE',  ( 35.00000000000081002, 1.086728055312937258, 0.8371564893654929174 ) ) ;
#1306 = ORIENTED_EDGE ( 'NONE', *, *, #705, .F. ) ;
#1307 = CARTESIAN_POINT ( 'NONE',  ( 73.77258490383967171, 24.33427929693803904, 4.915084890509093363 ) ) ;
#1308 = CARTESIAN_POINT ( 'NONE',  ( 36.32542060760351887, 2.221130832900935825, 1.180062360299853674 ) ) ;
#1309 = EDGE_CURVE ( 'NONE', #161, #420, #232, .T. ) ;
#1310 = CARTESIAN_POINT ( 'NONE',  ( 34.00000000000000711, 2.500000000000000000, 0.000000000000000000 ) ) ;
#1311 = CARTESIAN_POINT ( 'NONE',  ( 36.18862725944276804, 3.234716291835247226, 2.404627477405151925 ) ) ;
#1312 = CARTESIAN_POINT ( 'NONE',  ( 42.71741235587084162, 26.08504545368762706, 2.000382271729916006 ) ) ;
#1313 = CARTESIAN_POINT ( 'NONE',  ( 34.97933539000294445, 29.47415660777372537, 1.264159360032425461 ) ) ;
#1314 = EDGE_LOOP ( 'NONE', ( #684, #1208, #515, #1615, #816, #1306, #138 ) ) ;
#1315 = CARTESIAN_POINT ( 'NONE',  ( 123.1124439658582475, 23.54160007582066072, 14.70262492386643416 ) ) ;
#1316 = CARTESIAN_POINT ( 'NONE',  ( 36.08377607911875629, 21.99009132532032496, 1.945414052695947138 ) ) ;
#1317 = B_SPLINE_CURVE_WITH_KNOTS ( 'NONE', 3,
 ( #1599, #261, #1328, #1440, #1591, #1190, #379, #1456, #1320, #896, #660, #667 ),
 .UNSPECIFIED., .F., .F.,
 ( 4, 2, 2, 2, 2, 4 ),
 ( 0.000000000000000000, 0.0002369080272287514555, 0.0004738160544575029109, 0.0009476321089150054966, 0.001421448163372508299, 0.001895264217830011210 ),
 .UNSPECIFIED. ) ;
#1318 = CARTESIAN_POINT ( 'NONE',  ( 34.99999999999997868, 29.29029059727000472, 1.743330381404892382 ) ) ;
#1319 = CARTESIAN_POINT ( 'NONE',  ( 35.33646303042800696, 1.412050130020626515, 1.357410293078476160 ) ) ;
#1320 = CARTESIAN_POINT ( 'NONE',  ( 35.25093474731146870, 1.476865002661280624, 2.037408623852636769 ) ) ;
#1321 = CARTESIAN_POINT ( 'NONE',  ( 34.98628984984441104, 27.91385240872387286, 1.340079737172597873 ) ) ;
#1322 = ORIENTED_EDGE ( 'NONE', *, *, #1309, .F. ) ;
#1323 = CARTESIAN_POINT ( 'NONE',  ( 43.09557200824902878, 1.838442128996427671, 1.511633874745257788 ) ) ;
#1324 = EDGE_CURVE ( 'NONE', #420, #940, #455, .T. ) ;
#1325 = CARTESIAN_POINT ( 'NONE',  ( 60.69607296942677266, 26.99414970680315307, 5.903012544576478504 ) ) ;
#1326 = CARTESIAN_POINT ( 'NONE',  ( 114.9296172366160960, 1.423663849349517951, -1.474491956810298321 ) ) ;
#1327 = CARTESIAN_POINT ( 'NONE',  ( 34.99079182778061892, 0.9266809375121686232, 0.8027996418305218818 ) ) ;
#1328 = CARTESIAN_POINT ( 'NONE',  ( 36.13883598843665368, 2.043249933023143949, 1.791614513875675829 ) ) ;
#1329 = B_SPLINE_CURVE_WITH_KNOTS ( 'NONE', 3,
 ( #1449, #115, #648, #397 ),
 .UNSPECIFIED., .F., .F.,
 ( 4, 4 ),
 ( 0.000000000000000000, 0.0002001548693230395472 ),
 .UNSPECIFIED. ) ;
#1330 = CARTESIAN_POINT ( 'NONE',  ( 35.00000000000000000, 3.359370732965244688, -0.2242324286077157225 ) ) ;
#1331 = CARTESIAN_POINT ( 'NONE',  ( 42.05810259873847201, 28.38249283451706972, 3.328022318504354260 ) ) ;
#1332 = ORIENTED_EDGE ( 'NONE', *, *, #1412, .F. ) ;
#1333 = CARTESIAN_POINT ( 'NONE',  ( 36.19786057054089667, 5.398671023272131997, 1.982488124821939701 ) ) ;
#1334 = CARTESIAN_POINT ( 'NONE',  ( 97.41308416195029452, 2.161926590074914500, 1.291013690135191627 ) ) ;
#1335 = CARTESIAN_POINT ( 'NONE',  ( 35.00000000000000711, 1.173710656030624744, -0.03490711718854838663 ) ) ;
#1336 = DIRECTION ( 'NONE',  ( 0.000000000000000000, -0.9958637013659185078, -0.09085971770687319149 ) ) ;
#1337 = CARTESIAN_POINT ( 'NONE',  ( 36.31713391766046328, 28.35540450722641381, 2.166068352697529509 ) ) ;
#1338 = CARTESIAN_POINT ( 'NONE',  ( 43.17161345743404866, 26.09693056242764797, 2.089440605076366531 ) ) ;
#1339 = ORIENTED_EDGE ( 'NONE', *, *, #121, .F. ) ;
#1340 = CARTESIAN_POINT ( 'NONE',  ( 75.75233550828373552, 2.013826196659872725, -7.601093761017692962 ) ) ;
#1341 = B_SPLINE_CURVE_WITH_KNOTS ( 'NONE', 3,
 ( #1243, #1386, #1252, #1100 ),
 .UNSPECIFIED., .F., .F.,
 ( 4, 4 ),
 ( 1.059393314961203952E-07, 1.200000000002970596E-07 ),
 .UNSPECIFIED. ) ;
#1342 = MANIFOLD_SOLID_BREP ( 'Split1[2]', #1569 ) ;
#1343 = CARTESIAN_POINT ( 'NONE',  ( 35.11193434546426317, 2.091554832089803195, 1.612031482276472527 ) ) ;
#1344 = CARTESIAN_POINT ( 'NONE',  ( 97.41109158388313460, 0.6546882540023110097, 1.416827900036695898 ) ) ;
#1345 = CARTESIAN_POINT ( 'NONE',  ( 36.03169536325749789, 28.03812629549900137, 1.132727982266057642 ) ) ;
#1346 = CARTESIAN_POINT ( 'NONE',  ( 35.47570732948467764, 27.63282628200859037, 0.1960796559068683775 ) ) ;
#1347 = ORIENTED_EDGE ( 'NONE', *, *, #348, .F. ) ;
#1348 = CARTESIAN_POINT ( 'NONE',  ( 36.18562959665452894, 3.841708084744654528, 1.554719997896251371 ) ) ;
#1349 = FACE_OUTER_BOUND ( 'NONE', #948, .T. ) ;
#1350 = CARTESIAN_POINT ( 'NONE',  ( 43.25367132697411421, 17.42477184246748934, 3.501963512765124076 ) ) ;
#1351 = CARTESIAN_POINT ( 'NONE',  ( 34.98259734283252698, 2.221095202150472847, 1.159964122249480090 ) ) ;
#1352 = ADVANCED_FACE ( 'NONE', ( #706 ), #970, .F. ) ;
#1353 = CARTESIAN_POINT ( 'NONE',  ( 75.75067390057861871, 2.268774907979655531, -6.366932707318015972 ) ) ;
#1354 = CARTESIAN_POINT ( 'NONE',  ( 35.00000000000001421, 9.180837267968348314, 3.940437861772131622 ) ) ;
#1355 = CARTESIAN_POINT ( 'NONE',  ( 35.19739874499320109, 1.897270151728045029, -0.004721926319124741811 ) ) ;
#1356 = VERTEX_POINT ( 'NONE', #15 ) ;
#1357 = CARTESIAN_POINT ( 'NONE',  ( 97.42054412922564666, 2.535533471640091907, 3.993807028369185552 ) ) ;
#1358 = CARTESIAN_POINT ( 'NONE',  ( 35.00000000000001421, 28.84651733625846148, 0.6318207960233668263 ) ) ;
#1359 = CARTESIAN_POINT ( 'NONE',  ( 97.47198915124501184, 7.745698907098704566, 7.989390964416557495 ) ) ;
#1360 = CARTESIAN_POINT ( 'NONE',  ( 34.82248797083591541, 6.658197738821266753, 3.916230113395382961 ) ) ;
#1361 = CARTESIAN_POINT ( 'NONE',  ( 36.18522532623928356, 2.048342185650003699, 2.034298561564086949 ) ) ;
#1362 = CARTESIAN_POINT ( 'NONE',  ( 97.40176589128307683, 20.96779818121115824, 10.79462519665355025 ) ) ;
#1363 = CARTESIAN_POINT ( 'NONE',  ( 35.33478713317178688, 28.77491419215688495, 0.7675034622117375971 ) ) ;
#1364 = CARTESIAN_POINT ( 'NONE',  ( 75.76078775492894124, 25.08356332286538759, 2.916399765644598574 ) ) ;
#1365 = ORIENTED_EDGE ( 'NONE', *, *, #1129, .F. ) ;
#1366 = ORIENTED_EDGE ( 'NONE', *, *, #889, .F. ) ;
#1367 = CARTESIAN_POINT ( 'NONE',  ( 34.00000000000000711, 2.499999999999998668, 0.000000000000000000 ) ) ;
#1368 =( NAMED_UNIT ( * ) SI_UNIT ( $, .STERADIAN. ) SOLID_ANGLE_UNIT ( ) );
#1369 = CARTESIAN_POINT ( 'NONE',  ( 35.00000000000001421, 29.09741409644769661, 1.086994635909229068 ) ) ;
#1370 = CARTESIAN_POINT ( 'NONE',  ( 34.00000000000001421, 19.74022613539076687, 1.731964622067525772 ) ) ;
#1371 = CARTESIAN_POINT ( 'NONE',  ( 34.77654749831806669, 9.053426412651889521, 4.303404995286572721 ) ) ;
#1372 = CARTESIAN_POINT ( 'NONE',  ( 34.00000000000000711, 2.319308102257938042, 0.5492558165781951107 ) ) ;
#1373 = CARTESIAN_POINT ( 'NONE',  ( 75.76435924926614973, 15.44544447948621801, -0.9207335030191297065 ) ) ;
#1374 = CARTESIAN_POINT ( 'NONE',  ( 85.63189341292996914, 24.64200283893488574, 9.177501292725430915 ) ) ;
#1375 = CARTESIAN_POINT ( 'NONE',  ( 35.32455723999110120, 27.94319922096781283, 1.076286748441748209 ) ) ;
#1376 = CARTESIAN_POINT ( 'NONE',  ( 35.00000000000000711, 24.66644378228113510, 3.012520363310777327 ) ) ;
#1377 = CARTESIAN_POINT ( 'NONE',  ( 51.58981369285682916, 26.36274603959522622, 3.636316849276042706 ) ) ;
#1378 = ORIENTED_EDGE ( 'NONE', *, *, #1070, .T. ) ;
#1379 = CARTESIAN_POINT ( 'NONE',  ( 56.04747153183694763, 12.61733564527191831, -6.084689583774360422 ) ) ;
#1380 = B_SPLINE_CURVE_WITH_KNOTS ( 'NONE', 3,
 ( #1690, #204, #492, #76, #233, #762, #1291, #737, #109, #1318 ),
 .UNSPECIFIED., .F., .F.,
 ( 4, 2, 2, 2, 4 ),
 ( 0.000000000000000000, 0.0005361186126381831639, 0.001072237225276366328, 0.001608355837914549492, 0.002144474450552732656 ),
 .UNSPECIFIED. ) ;
#1381 = CARTESIAN_POINT ( 'NONE',  ( 36.24211727020676932, 1.822501561111674828, 2.620854926199720047 ) ) ;
#1382 = CARTESIAN_POINT ( 'NONE',  ( 43.14428443826033543, 13.58007904957831791, 3.615706496631890143 ) ) ;
#1383 = CARTESIAN_POINT ( 'NONE',  ( 75.78036493276071894, 21.41758658110707003, 4.002195818897811286 ) ) ;
#1384 = CARTESIAN_POINT ( 'NONE',  ( 80.36542635725393779, 23.92888650655600458, 6.496641935212512209 ) ) ;
#1385 = CARTESIAN_POINT ( 'NONE',  ( 35.32312596486361400, 27.83940569188501968, 1.114640529876542052 ) ) ;
#1386 = CARTESIAN_POINT ( 'NONE',  ( 36.32541970342551707, 2.221123025461777090, 1.180090637538195875 ) ) ;
#1387 = CARTESIAN_POINT ( 'NONE',  ( 51.38016683089814052, 27.73018836708470403, 5.894074544856461095 ) ) ;
#1388 = CARTESIAN_POINT ( 'NONE',  ( 125.0000000000000284, 5.357850755573940305, 0.1806736253552273519 ) ) ;
#1389 = CARTESIAN_POINT ( 'NONE',  ( 35.00000000000026290, 5.092633005312008798, 0.2780246551865136473 ) ) ;
#1390 = CARTESIAN_POINT ( 'NONE',  ( 124.9999999999999005, 7.391319557527542550, 4.801756506565425298 ) ) ;
#1391 = CARTESIAN_POINT ( 'NONE',  ( 55.93031271658887249, 21.45807173422711500, 2.327854580003731133 ) ) ;
#1392 = CARTESIAN_POINT ( 'NONE',  ( 79.42597190717566491, 23.95256321359916640, 6.193324972811904416 ) ) ;
#1393 = CARTESIAN_POINT ( 'NONE',  ( 35.32697830361151858, 28.12398560228049504, 1.009210274381432182 ) ) ;
#1394 = CARTESIAN_POINT ( 'NONE',  ( 34.93361681174003053, 12.30747460509749658, 2.402866713359974149 ) ) ;
#1395 = CARTESIAN_POINT ( 'NONE',  ( 51.62663746978664392, 28.04390674712342957, 4.174204719063412838 ) ) ;
#1396 = CARTESIAN_POINT ( 'NONE',  ( 35.00000000000000711, 4.290898155909273370, -3.590657737991402916E-11 ) ) ;
#1397 = CARTESIAN_POINT ( 'NONE',  ( 34.99229983692968915, 1.896813435431467409, -0.7382539984004130584 ) ) ;
#1398 = CARTESIAN_POINT ( 'NONE',  ( 124.9999999999999574, 23.42205040770150504, 14.71691046801885960 ) ) ;
#1399 = CARTESIAN_POINT ( 'NONE',  ( 124.9999999999998010, 21.03896376632397747, 15.06922625538640581 ) ) ;
#1400 = CARTESIAN_POINT ( 'NONE',  ( 73.05431029080388328, 24.41016622844248474, 4.830754262485503325 ) ) ;
#1401 = CARTESIAN_POINT ( 'NONE',  ( 35.26772955279127331, 24.50717443026631059, 2.195835926748739286 ) ) ;
#1402 = CARTESIAN_POINT ( 'NONE',  ( 34.97400154026860974, 15.42590230398112539, 1.350355599208291624 ) ) ;
#1403 = CARTESIAN_POINT ( 'NONE',  ( 45.99028231597981886, 26.18153027058916038, 2.633394930548084822 ) ) ;
#1404 = B_SPLINE_CURVE_WITH_KNOTS ( 'NONE', 3,
 ( #779, #117, #1136, #1674, #474, #1545, #342, #794, #1180, #4, #258, #1053, #1046, #131, #393, #1316, #385, #664 ),
 .UNSPECIFIED., .F., .F.,
 ( 4, 2, 2, 2, 2, 2, 2, 2, 4 ),
 ( -5.999999999946047436E-08, 0.001494563634556427770, 0.002989187269112854751, 0.005978434538225709145, 0.008967681807338569178, 0.01195692907645142834, 0.01494617634556428751, 0.01793542361467714841, 0.02391391815290287715 ),
 .UNSPECIFIED. ) ;
#1405 = CARTESIAN_POINT ( 'NONE',  ( 34.99603825344252073, 26.48535638608865384, -0.5268650450411193065 ) ) ;
#1406 = CARTESIAN_POINT ( 'NONE',  ( 35.00000000000001421, 10.86392505106364581, 1.527750267039206467 ) ) ;
#1407 = CARTESIAN_POINT ( 'NONE',  ( 36.33340058734554390, 2.291364770715268229, 0.9256077694644483378 ) ) ;
#1408 = CARTESIAN_POINT ( 'NONE',  ( 35.01150609602439090, 1.938380250870838095, 0.3359254792777275900 ) ) ;
#1409 = CARTESIAN_POINT ( 'NONE',  ( 97.39520579053788651, 19.81690374065427562, 8.976373923110601893 ) ) ;
#1410 = CARTESIAN_POINT ( 'NONE',  ( 114.8518374676307445, 13.19091772097344339, 10.08568201020278110 ) ) ;
#1411 = CARTESIAN_POINT ( 'NONE',  ( 93.22365919440427717, 24.49948285943866111, 13.30383375887755548 ) ) ;
#1412 = EDGE_CURVE ( 'NONE', #676, #43, #1329, .T. ) ;
#1413 = CARTESIAN_POINT ( 'NONE',  ( 34.00000000000001421, 4.149281812137859404, 1.542117937132309713 ) ) ;
#1414 = CARTESIAN_POINT ( 'NONE',  ( 35.99461172178174451, 15.47692994794986632, 2.703230661442411975 ) ) ;
#1415 = CARTESIAN_POINT ( 'NONE',  ( 35.00932567177436994, 25.76560508373081504, 0.7061321928123484026 ) ) ;
#1416 = DIRECTION ( 'NONE',  ( -0.003217257131135075297, 0.9517374094704198484, -0.3068966481913522615 ) ) ;
#1417 = CARTESIAN_POINT ( 'NONE',  ( 35.98723260533436985, 1.970692634416271627, 0.6229384544650563571 ) ) ;
#1418 = CARTESIAN_POINT ( 'NONE',  ( 125.0000000000000000, 0.9912965560739185333, -3.105416366517994131 ) ) ;
#1419 = CARTESIAN_POINT ( 'NONE',  ( 34.00000000000001421, 10.14126821122448163, 2.725181497217397997 ) ) ;
#1420 = CARTESIAN_POINT ( 'NONE',  ( 106.4480458134622154, 24.75338754866144697, 15.53110569258815055 ) ) ;
#1421 = CARTESIAN_POINT ( 'NONE',  ( 43.07488871127798546, 3.365198922231453338, 3.045144735663515512 ) ) ;
#1422 = FACE_OUTER_BOUND ( 'NONE', #1314, .T. ) ;
#1423 = SURFACE_STYLE_FILL_AREA ( #1551 ) ;
#1424 = CARTESIAN_POINT ( 'NONE',  ( 115.5658889270144982, 24.06097965173137609, 14.84566300274055450 ) ) ;
#1425 = VECTOR ( 'NONE', #1336, 1000.000000000000000 ) ;
#1426 = CARTESIAN_POINT ( 'NONE',  ( 36.32541993076163322, 2.221125512818928005, 1.180081627853214910 ) ) ;
#1427 = CARTESIAN_POINT ( 'NONE',  ( 124.9999999999998579, 23.36337072625041245, 14.73398813936942098 ) ) ;
#1428 = CARTESIAN_POINT ( 'NONE',  ( 43.07335422389380142, 11.62257262548972747, 4.574934328549289830 ) ) ;
#1429 = CARTESIAN_POINT ( 'NONE',  ( 55.95550978886014093, 27.81411192716875291, 7.810229367992417515 ) ) ;
#1430 = CARTESIAN_POINT ( 'NONE',  ( 124.9999999999999432, 2.906837698296444117, -2.280491577877573839 ) ) ;
#1431 = CARTESIAN_POINT ( 'NONE',  ( 35.98962547456720529, 2.956060072536181416, 0.9500407832713573253 ) ) ;
#1432 = CARTESIAN_POINT ( 'NONE',  ( 43.65612514096764585, 26.11043244316335432, 2.183336856984315233 ) ) ;
#1433 = CARTESIAN_POINT ( 'NONE',  ( 43.78479689961527299, 1.922986024129013982, 1.439301586182687887 ) ) ;
#1434 = CARTESIAN_POINT ( 'NONE',  ( 71.89999425645268616, 24.53377402660760609, 4.701562907620329135 ) ) ;
#1435 = CARTESIAN_POINT ( 'NONE',  ( 36.33033450784348162, 2.261968683489338439, 1.032133245157660806 ) ) ;
#1436 = CARTESIAN_POINT ( 'NONE',  ( 34.00000000000000711, 27.49999999999998934, 0.000000000000000000 ) ) ;
#1437 = CARTESIAN_POINT ( 'NONE',  ( 75.75394636284381988, 14.25424965579750491, -1.922585518155378370 ) ) ;
#1438 = CARTESIAN_POINT ( 'NONE',  ( 125.0000000000000000, 7.206079310290961715, 6.197312110236588900 ) ) ;
#1439 = CARTESIAN_POINT ( 'NONE',  ( 34.00000000000001421, 3.361850788234200582, 1.317536379963615056 ) ) ;
#1440 = CARTESIAN_POINT ( 'NONE',  ( 35.98416935834418950, 2.010828040406514639, 1.799393919146363041 ) ) ;
#1441 = CARTESIAN_POINT ( 'NONE',  ( 125.0000000000000000, 4.038424795221995822, -0.3575272460642502925 ) ) ;
#1442 = ORIENTED_EDGE ( 'NONE', *, *, #761, .F. ) ;
#1443 = CARTESIAN_POINT ( 'NONE',  ( 56.03485669709905181, 2.779595364984164263, -7.246106145685357269 ) ) ;
#1444 = CARTESIAN_POINT ( 'NONE',  ( 36.33589774550022611, 2.317647435578511050, 0.8303462657195980201 ) ) ;
#1445 = CARTESIAN_POINT ( 'NONE',  ( 75.75081307987906598, 2.167346905861949224, -7.608496082202579558 ) ) ;
#1446 = CARTESIAN_POINT ( 'NONE',  ( 36.20022105056987272, 5.221851086668373831, 2.959882202338276258 ) ) ;
#1447 =( BOUNDED_SURFACE ( )  B_SPLINE_SURFACE ( 3, 2, ( 
 ( #934, #1346, #692 ),
 ( #1233, #573, #683 ),
 ( #1629, #275, #429 ),
 ( #1214, #1511, #956 ),
 ( #799, #1101, #1621 ),
 ( #1331, #947, #1499 ),
 ( #137, #807, #1338 ),
 ( #145, #988, #330 ),
 ( #998, #470, #1403 ),
 ( #1540, #733, #1244 ),
 ( #339, #200, #81 ),
 ( #855, #1262, #601 ),
 ( #1387, #1395, #1377 ),
 ( #70, #192, #1111 ),
 ( #1253, #1522, #1132 ),
 ( #460, #321, #1531 ),
 ( #611, #1669, #62 ),
 ( #872, #864, #209 ),
 ( #743, #1270, #1142 ),
 ( #182, #1680, #312 ),
 ( #723, #714, #1121 ),
 ( #845, #53, #583 ),
 ( #1651, #451, #980 ),
 ( #591, #1659, #711 ),
 ( #1118, #309, #1250 ),
 ( #598, #995, #1139 ),
 ( #729, #1637, #327 ),
 ( #852, #1241, #1400 ),
 ( #1647, #1259, #1677 ),
 ( #448, #457, #346 ),
 ( #1666, #720, #67 ),
 ( #438, #58, #976 ),
 ( #78, #1537, #965 ),
 ( #1519, #588, #1392 ),
 ( #1267, #608, #1384 ),
 ( #188, #206, #1008 ),
 ( #1128, #467, #318 ),
 ( #1528, #1656, #1507 ),
 ( #842, #1374, #336 ),
 ( #50, #478, #869 ),
 ( #1108, #179, #1548 ),
 ( #985, #1098, #739 ),
 ( #1411, #879, #216 ),
 ( #861, #749, #580 ),
 ( #197, #40, #570 ),
 ( #1015, #1285, #1165 ),
 ( #620, #1555, #102 ),
 ( #494, #1023, #235 ),
 ( #354, #1420, #1685 ),
 ( #1703, #1302, #511 ),
 ( #1692, #773, #502 ),
 ( #111, #1157, #1293 ),
 ( #244, #1040, #1581 ),
 ( #1031, #93, #902 ),
 ( #1563, #635, #1573 ),
 ( #369, #627, #377 ) ),
 .UNSPECIFIED., .F., .F., .F. ) 
 B_SPLINE_SURFACE_WITH_KNOTS ( ( 4, 2, 2, 2, 2, 2, 2, 2, 2, 2, 2, 2, 2, 2, 2, 2, 2, 2, 2, 2, 2, 2, 2, 2, 2, 2, 2, 4 ),
 ( 3, 3 ),
 ( 0.02476848100572313569, 0.02762831572584257406, 0.03048815044596200896, 0.03334798516608145080, 0.03620781988620088571, 0.03906765460632032061, 0.04192748932643976245, 0.04478732404655920429, 0.04764715876667863920, 0.05050699348679807410, 0.05336682820691751594, 0.05622666292703695085, 0.05908649764715638575, 0.06194633236727582065, 0.06337624972733553463, 0.06480616708739525555, 0.06766600180751469740, 0.07052583652763413924, 0.07338567124775358108, 0.07624550596787302292, 0.08196517540811189273, 0.08482501012823132069, 0.08768484484835076254, 0.09340451428858964622, 0.09912418372882852990, 0.1048438531690673997, 0.1105635226093062695, 0.1162831920495451532 ),
 ( 0.000000000000000000, 1.000000000000000000 ),
 .UNSPECIFIED. ) 
 GEOMETRIC_REPRESENTATION_ITEM ( )  RATIONAL_B_SPLINE_SURFACE ( (
 ( 1.000000000000000000, 0.7162897244994987922, 1.000000000000000000),
 ( 1.000000000000000000, 0.7196260618174179502, 1.000000000000000000),
 ( 1.000000000000000000, 0.7224933104468179712, 1.000000000000000000),
 ( 1.000000000000000000, 0.7276757739280900195, 1.000000000000000000),
 ( 1.000000000000000000, 0.7300574717752316145, 1.000000000000000000),
 ( 1.000000000000000000, 0.7338633498046985837, 1.000000000000000000),
 ( 1.000000000000000000, 0.7353306700243772420, 1.000000000000000000),
 ( 1.000000000000000000, 0.7379846967434376959, 1.000000000000000000),
 ( 1.000000000000000000, 0.7391993612965979121, 1.000000000000000000),
 ( 1.000000000000000000, 0.7420759489051536040, 1.000000000000000000),
 ( 1.000000000000000000, 0.7437437546124596732, 1.000000000000000000),
 ( 1.000000000000000000, 0.7476526983100257873, 1.000000000000000000),
 ( 1.000000000000000000, 0.7498678347330587357, 1.000000000000000000),
 ( 1.000000000000000000, 0.7547689704843798530, 1.000000000000000000),
 ( 1.000000000000000000, 0.7574197001374436411, 1.000000000000000000),
 ( 1.000000000000000000, 0.7636684635578694369, 1.000000000000000000),
 ( 1.000000000000000000, 0.7673061613943074066, 1.000000000000000000),
 ( 1.000000000000000000, 0.7757481410223697749, 1.000000000000000000),
 ( 1.000000000000000000, 0.7805861855513119840, 1.000000000000000000),
 ( 1.000000000000000000, 0.7915196558813928362, 1.000000000000000000),
 ( 1.000000000000000000, 0.7976226671413337854, 1.000000000000000000),
 ( 1.000000000000000000, 0.8103904346807333514, 1.000000000000000000),
 ( 1.000000000000000000, 0.8170314312338601281, 1.000000000000000000),
 ( 1.000000000000000000, 0.8296144473227388128, 1.000000000000000000),
 ( 1.000000000000000000, 0.8355157066182464787, 1.000000000000000000),
 ( 1.000000000000000000, 0.8458645890381341070, 1.000000000000000000),
 ( 1.000000000000000000, 0.8503026888315118326, 1.000000000000000000),
 ( 1.000000000000000000, 0.8563854618426217646, 1.000000000000000000),
 ( 1.000000000000000000, 0.8583294945110631069, 1.000000000000000000),
 ( 1.000000000000000000, 0.8622431364484564043, 1.000000000000000000),
 ( 1.000000000000000000, 0.8642449424410140191, 1.000000000000000000),
 ( 1.000000000000000000, 0.8703233997837466207, 1.000000000000000000),
 ( 1.000000000000000000, 0.8744764731244853984, 1.000000000000000000),
 ( 1.000000000000000000, 0.8832707133815371758, 1.000000000000000000),
 ( 1.000000000000000000, 0.8878986127035933817, 1.000000000000000000),
 ( 1.000000000000000000, 0.8974781047882999241, 1.000000000000000000),
 ( 1.000000000000000000, 0.9024251270738085084, 1.000000000000000000),
 ( 1.000000000000000000, 0.9122705474136948434, 1.000000000000000000),
 ( 1.000000000000000000, 0.9171711892392208076, 1.000000000000000000),
 ( 1.000000000000000000, 0.9310681298463568956, 1.000000000000000000),
 ( 1.000000000000000000, 0.9390937471701068517, 1.000000000000000000),
 ( 1.000000000000000000, 0.9472195140286417958, 1.000000000000000000),
 ( 1.000000000000000000, 0.9493178129319692626, 1.000000000000000000),
 ( 1.000000000000000000, 0.9522487338142586744, 1.000000000000000000),
 ( 1.000000000000000000, 0.9530359750071009106, 1.000000000000000000),
 ( 1.000000000000000000, 0.9533239095410740438, 1.000000000000000000),
 ( 1.000000000000000000, 0.9510401780871061694, 1.000000000000000000),
 ( 1.000000000000000000, 0.9410950394179012912, 1.000000000000000000),
 ( 1.000000000000000000, 0.9333532101221747590, 1.000000000000000000),
 ( 1.000000000000000000, 0.9093922850354040355, 1.000000000000000000),
 ( 1.000000000000000000, 0.8929284333132496698, 1.000000000000000000),
 ( 1.000000000000000000, 0.8495311135441636630, 1.000000000000000000),
 ( 1.000000000000000000, 0.8225348841496920027, 1.000000000000000000),
 ( 1.000000000000000000, 0.7645081929904811169, 1.000000000000000000),
 ( 1.000000000000000000, 0.7338409721100626060, 1.000000000000000000),
 ( 1.000000000000000000, 0.7049327665136977394, 1.000000000000000000) ) ) 
 REPRESENTATION_ITEM ( '' )  SURFACE ( )  );
#1448 = CARTESIAN_POINT ( 'NONE',  ( 37.06656364084503252, 25.89287166464117007, 1.018016280024288234 ) ) ;
#1449 = CARTESIAN_POINT ( 'NONE',  ( 36.25723018468168846, 27.77812139640525757, 1.309419048299054644 ) ) ;
#1450 = EDGE_LOOP ( 'NONE', ( #523, #562, #1483, #655, #1717, #1347 ) ) ;
#1451 = CARTESIAN_POINT ( 'NONE',  ( 98.65723131300384807, 24.39020194056207558, 13.77197607019451198 ) ) ;
#1452 = CARTESIAN_POINT ( 'NONE',  ( 71.22884881667006596, 25.93235944777463331, 5.743231259437726166 ) ) ;
#1453 = B_SPLINE_SURFACE_WITH_KNOTS ( 'NONE', 3, 3, ( 
 ( #1627, #953, #560, #1229, #1078, #1344, #307, #1212 ),
 ( #1497, #1087, #840, #296, #568, #1605, #273, #829 ),
 ( #1096, #1361, #1635, #938, #1220, #38, #1619, #29 ),
 ( #1489, #544, #418, #21, #1353, #403, #945, #681 ),
 ( #436, #167, #963, #1480, #605, #142, #821, #813 ),
 ( #1372, #177, #674, #709, #159, #690, #932, #1204 ),
 ( #14, #1071, #1612, #411, #770, #375, #249, #99 ) ),
 .UNSPECIFIED., .F., .F., .F.,
 ( 4, 3, 4 ),
 ( 4, 1, 1, 1, 1, 4 ),
 ( -0.03220267751155472813, 0.000000000000000000, 1.000000000000000000 ),
 ( 0.000000000000000000, 0.06529055286195016572, 0.2354486167818587439, 0.4509168125772553548, 0.6769853571174412332, 1.000000000000000000 ),
 .UNSPECIFIED. ) ;
#1454 = CARTESIAN_POINT ( 'NONE',  ( 125.0000000000000000, 0.9884051997810783252, -3.098985808961447486 ) ) ;
#1455 = CARTESIAN_POINT ( 'NONE',  ( 34.95786486687529759, 1.053027564148077744, 2.433073131629911678 ) ) ;
#1456 = CARTESIAN_POINT ( 'NONE',  ( 35.34350996712870341, 1.596132111489414029, 1.980116010239592272 ) ) ;
#1457 = EDGE_CURVE ( 'NONE', #420, #1224, #1478, .T. ) ;
#1458 = CARTESIAN_POINT ( 'NONE',  ( 125.0000000000000000, 8.517477530984917777, 7.864994643958903353 ) ) ;
#1459 = EDGE_LOOP ( 'NONE', ( #507, #935, #1475, #554, #1442, #1051, #1102 ) ) ;
#1460 = CARTESIAN_POINT ( 'NONE',  ( 121.2255286943133967, 23.67029325043445098, 14.70921212998066530 ) ) ;
#1461 = CARTESIAN_POINT ( 'NONE',  ( 74.72564100961169231, 25.59339704747145561, 6.273954818940379319 ) ) ;
#1462 = B_SPLINE_CURVE_WITH_KNOTS ( 'NONE', 3,
 ( #1720, #1477, #1047, #277, #303, #19, #973, #1246, #982, #175 ),
 .UNSPECIFIED., .F., .F.,
 ( 4, 2, 2, 2, 4 ),
 ( 1.404617285391336434E-17, 0.0005219255683080104751, 0.001043851136616006856, 0.001565776704924003128, 0.002087702273231999400 ),
 .UNSPECIFIED. ) ;
#1463 = FACE_OUTER_BOUND ( 'NONE', #1450, .T. ) ;
#1464 = CARTESIAN_POINT ( 'NONE',  ( 56.04070611629921927, 1.022149838059515314, -6.701595046428760583 ) ) ;
#1465 = CARTESIAN_POINT ( 'NONE',  ( 99.63669080393781030, 24.52059504606065943, 15.22500543333108958 ) ) ;
#1466 = PRODUCT_DEFINITION_CONTEXT ( 'detailed design', #526, 'design' ) ;
#1467 = CARTESIAN_POINT ( 'NONE',  ( 34.99999999999823785, 1.508295522048385351, -0.7188265054825615508 ) ) ;
#1468 = EDGE_LOOP ( 'NONE', ( #430, #17, #441, #123, #808 ) ) ;
#1469 = CARTESIAN_POINT ( 'NONE',  ( 75.74281278556792074, 6.044648323938961454, -5.348993030587216424 ) ) ;
#1470 = CARTESIAN_POINT ( 'NONE',  ( 114.9296972509332733, 1.425549757122477335, -1.476647723594040063 ) ) ;
#1471 = CARTESIAN_POINT ( 'NONE',  ( 35.00000000000000711, 1.156622174375491863, -2.701369109256658061E-13 ) ) ;
#1472 = CARTESIAN_POINT ( 'NONE',  ( 35.33750240474908111, 29.06391283172496642, 0.6600542798166505465 ) ) ;
#1473 = CARTESIAN_POINT ( 'NONE',  ( 34.96956625205055502, 28.14693920365394675, 1.652478853195082698 ) ) ;
#1474 = ORIENTED_EDGE ( 'NONE', *, *, #705, .T. ) ;
#1475 = ORIENTED_EDGE ( 'NONE', *, *, #1412, .T. ) ;
#1476 = CARTESIAN_POINT ( 'NONE',  ( 75.74958171235012117, 3.931855119617392091, -6.726924738570071227 ) ) ;
#1477 = CARTESIAN_POINT ( 'NONE',  ( 36.12558899590543149, 25.99301896940149348, 0.8243889869922550462 ) ) ;
#1478 = B_SPLINE_CURVE_WITH_KNOTS ( 'NONE', 3,
 ( #1043, #522, #1206, #129 ),
 .UNSPECIFIED., .F., .F.,
 ( 4, 4 ),
 ( 1.399251010623041134E-17, 1.357248656981257655E-07 ),
 .UNSPECIFIED. ) ;
#1479 = CARTESIAN_POINT ( 'NONE',  ( 34.99999999999999289, 1.155549839690969804, 0.01291069290048251980 ) ) ;
#1480 = CARTESIAN_POINT ( 'NONE',  ( 56.03941676539881911, 1.393271378436632846, -6.782727649873256048 ) ) ;
#1481 = CARTESIAN_POINT ( 'NONE',  ( 114.6680417753069889, 24.44251908724955769, 17.57770931514093959 ) ) ;
#1482 = ORIENTED_EDGE ( 'NONE', *, *, #121, .T. ) ;
#1483 = ORIENTED_EDGE ( 'NONE', *, *, #1596, .T. ) ;
#1484 = CARTESIAN_POINT ( 'NONE',  ( 34.00000000000002842, 7.125907713866427073, 1.223330433357939340 ) ) ;
#1485 = B_SPLINE_CURVE_WITH_KNOTS ( 'NONE', 3,
 ( #1559, #1682, #357, #1028, #483, #1282 ),
 .UNSPECIFIED., .F., .F.,
 ( 4, 2, 4 ),
 ( 0.000000000000000000, 0.003048908781556579784, 0.006097817563113159568 ),
 .UNSPECIFIED. ) ;
#1486 = CARTESIAN_POINT ( 'NONE',  ( 34.98789552102674349, 0.9446182787596411057, 1.291301222746980226 ) ) ;
#1487 = CARTESIAN_POINT ( 'NONE',  ( 114.7633122224593762, 9.741666966103883496, 7.827228142112476306 ) ) ;
#1488 = CARTESIAN_POINT ( 'NONE',  ( 43.08137923013244830, 1.879189493610028405, 2.580720199537007709 ) ) ;
#1489 = CARTESIAN_POINT ( 'NONE',  ( 34.00000000000000711, 2.187500000000006661, 0.9499177595981784794 ) ) ;
#1490 = CARTESIAN_POINT ( 'NONE',  ( 35.00000000000002132, 17.55983225057231678, 4.073317102191571948 ) ) ;
#1491 = ORIENTED_EDGE ( 'NONE', *, *, #962, .T. ) ;
#1492 = ORIENTED_EDGE ( 'NONE', *, *, #1700, .F. ) ;
#1493 = CARTESIAN_POINT ( 'NONE',  ( 43.09232978778608469, 2.273042738087426518, 1.656979203807153356 ) ) ;
#1494 = CARTESIAN_POINT ( 'NONE',  ( 35.00000000000081002, 1.086728055312937258, 0.8371564893654929174 ) ) ;
#1495 = CARTESIAN_POINT ( 'NONE',  ( 55.94971633899788088, 19.50262100786004993, -0.4707599866655932108 ) ) ;
#1496 = CARTESIAN_POINT ( 'NONE',  ( 35.31443778412526058, 2.715273687074024167, 1.774198599556780165 ) ) ;
#1497 = CARTESIAN_POINT ( 'NONE',  ( 34.00000000000000711, 2.183255426189584458, 0.9628201469404040758 ) ) ;
#1498 = CARTESIAN_POINT ( 'NONE',  ( 43.27386410950320084, 28.14249595810608895, 1.959292645055829896 ) ) ;
#1499 = CARTESIAN_POINT ( 'NONE',  ( 42.22673420263315336, 26.07159182145002774, 1.905944562178875534 ) ) ;
#1500 = ORIENTED_EDGE ( 'NONE', *, *, #769, .F. ) ;
#1501 = CARTESIAN_POINT ( 'NONE',  ( 36.17974630668597058, 3.065998542582317743, 1.316958895165437848 ) ) ;
#1502 = CARTESIAN_POINT ( 'NONE',  ( 96.76221001170893032, 23.87674405816177270, 18.72139825039098682 ) ) ;
#1503 = CARTESIAN_POINT ( 'NONE',  ( 97.47125061613459707, 9.304669578793907547, 8.337321069326671719 ) ) ;
#1504 = CARTESIAN_POINT ( 'NONE',  ( 34.93719571703942250, 1.934528423206023362, 2.709798318480763246 ) ) ;
#1505 = CARTESIAN_POINT ( 'NONE',  ( 36.32555410915961147, 2.221117756601930893, 1.180111706656815640 ) ) ;
#1506 = CARTESIAN_POINT ( 'NONE',  ( 97.41701202575499963, 17.26182640941810220, 9.667415390162412692 ) ) ;
#1507 = CARTESIAN_POINT ( 'NONE',  ( 84.91760602766720467, 23.95820560383445397, 8.243918696701680204 ) ) ;
#1508 = CARTESIAN_POINT ( 'NONE',  ( 36.45867825644035776, 27.87526561705472972, 1.290698819327017022 ) ) ;
#1509 = CIRCLE ( 'NONE', #5, 1.339999999999999858 ) ;
#1510 = CARTESIAN_POINT ( 'NONE',  ( 35.00000000000000000, 3.867112823912777664, 3.026380291938798095 ) ) ;
#1511 = CARTESIAN_POINT ( 'NONE',  ( 39.47387097574220860, 27.79748500887129836, 0.8632849937041511268 ) ) ;
#1512 = ORIENTED_EDGE ( 'NONE', *, *, #613, .T. ) ;
#1513 = CARTESIAN_POINT ( 'NONE',  ( 114.7749377003947302, 6.654854041812258814, 5.365383348261356211 ) ) ;
#1514 = EDGE_CURVE ( 'NONE', #693, #555, #1515, .T. ) ;
#1515 = B_SPLINE_CURVE_WITH_KNOTS ( 'NONE', 3,
 ( #1064, #1606, #405, #1191, #1177, #1600, #545, #791 ),
 .UNSPECIFIED., .F., .F.,
 ( 4, 2, 2, 4 ),
 ( 2.921407248299418209E-16, 0.001447563569071609298, 0.002171345353607268339, 0.002895127138142926729 ),
 .UNSPECIFIED. ) ;
#1516 = CARTESIAN_POINT ( 'NONE',  ( 36.16069408840331079, 12.50911127998387329, 2.996631670407758463 ) ) ;
#1517 = CARTESIAN_POINT ( 'NONE',  ( 35.01243817022687921, 1.577025791771147656, 0.2161486285053270395 ) ) ;
#1518 = CARTESIAN_POINT ( 'NONE',  ( 75.77286646777346846, 23.17150947379334269, 3.954863194617462163 ) ) ;
#1519 = CARTESIAN_POINT ( 'NONE',  ( 79.17295139514007474, 25.15946505336563987, 7.608212399649782576 ) ) ;
#1520 = CARTESIAN_POINT ( 'NONE',  ( 36.38332121932302243, 24.52620798962228221, 2.389316605252848724 ) ) ;
#1521 = CARTESIAN_POINT ( 'NONE',  ( 36.03073909070749892, 27.91577332614410523, 0.8166439647483620945 ) ) ;
#1522 = CARTESIAN_POINT ( 'NONE',  ( 54.42816083595312193, 27.93758176555997963, 4.715911160590174234 ) ) ;
#1523 = CARTESIAN_POINT ( 'NONE',  ( 97.44129783427987945, 4.090599242524735502, 5.824869433744035874 ) ) ;
#1524 = CARTESIAN_POINT ( 'NONE',  ( 125.0000000000000000, 24.83611639190278453, 16.03728980434618379 ) ) ;
#1525 = CARTESIAN_POINT ( 'NONE',  ( 36.10037568852229128, 14.92493469983243415, 2.977799003163976721 ) ) ;
#1526 = B_SPLINE_CURVE_WITH_KNOTS ( 'NONE', 3,
 ( #1699, #83, #241, #1020, #212, #1154, #882 ),
 .UNSPECIFIED., .F., .F.,
 ( 4, 3, 4 ),
 ( 0.000000000000000000, 4.516752520483064488E-05, 4.522752518308150468E-05 ),
 .UNSPECIFIED. ) ;
#1527 = CARTESIAN_POINT ( 'NONE',  ( 125.0000000000000000, 15.44673450110932045, 12.44047165841978497 ) ) ;
#1528 = CARTESIAN_POINT ( 'NONE',  ( 84.47581181648045856, 24.71852842729078503, 9.628837166999174357 ) ) ;
#1529 = CARTESIAN_POINT ( 'NONE',  ( 34.97983436946320523, 28.44443736425887082, 2.061000815719052248 ) ) ;
#1530 = CARTESIAN_POINT ( 'NONE',  ( 34.94025626278694574, 17.56942961790813840, 2.324576079159760944 ) ) ;
#1531 = CARTESIAN_POINT ( 'NONE',  ( 56.24577535520982252, 26.27413954652703509, 4.204914235233468744 ) ) ;
#1532 = CARTESIAN_POINT ( 'NONE',  ( 114.8024584666174235, 5.940315106744866291, 4.411560233332749270 ) ) ;
#1533 = CARTESIAN_POINT ( 'NONE',  ( 36.31853408758828294, 2.170975417094501481, 1.361982844422601646 ) ) ;
#1534 = CARTESIAN_POINT ( 'NONE',  ( 43.09620463663204504, 1.753642010149403685, 1.483273810538058735 ) ) ;
#1535 = CARTESIAN_POINT ( 'NONE',  ( 34.00000000000000711, 25.97265075692717318, 0.4799420037054588084 ) ) ;
#1536 = CARTESIAN_POINT ( 'NONE',  ( 34.00000000000000711, 18.24237144780130393, 2.885596895195031486 ) ) ;
#1537 = CARTESIAN_POINT ( 'NONE',  ( 77.55073501760736576, 25.08771684903667776, 6.008393964534183951 ) ) ;
#1538 = CARTESIAN_POINT ( 'NONE',  ( 34.73564203595950772, 14.53446550402097337, 4.611109644788889739 ) ) ;
#1539 = CARTESIAN_POINT ( 'NONE',  ( 34.97878605202013347, 17.46272875445747985, 1.220151756965380363 ) ) ;
#1540 = CARTESIAN_POINT ( 'NONE',  ( 47.65520578872106228, 28.03321000249057704, 4.977580926320999133 ) ) ;
#1541 = CARTESIAN_POINT ( 'NONE',  ( 34.99835195889174599, 27.54524475666958239, -0.3442703326453147028 ) ) ;
#1542 = CARTESIAN_POINT ( 'NONE',  ( 36.44399951237057422, 3.965536062171435283, 2.406293952345779807 ) ) ;
#1543 = EDGE_CURVE ( 'NONE', #1641, #1630, #491, .T. ) ;
#1544 = CARTESIAN_POINT ( 'NONE',  ( 36.29851360244789049, 2.055086501933418131, 1.781770449503707221 ) ) ;
#1545 = CARTESIAN_POINT ( 'NONE',  ( 35.97341576361783666, 6.177023409809541121, 1.832703213178597412 ) ) ;
#1546 = CARTESIAN_POINT ( 'NONE',  ( 43.31180747179753610, 26.32608772334597091, 1.887286774947247503 ) ) ;
#1547 = CARTESIAN_POINT ( 'NONE',  ( 75.78363656688847527, 18.67407809583840006, 2.656294549074253997 ) ) ;
#1548 = CARTESIAN_POINT ( 'NONE',  ( 90.14528415357878544, 24.16800845976850809, 10.63733860258395048 ) ) ;
#1549 = CARTESIAN_POINT ( 'NONE',  ( 34.00000000000002132, 4.675884500573481262, 1.683818205345891217 ) ) ;
#1550 = CARTESIAN_POINT ( 'NONE',  ( 34.95281568554884899, 9.157920286965753220, 2.092389244916289748 ) ) ;
#1551 = FILL_AREA_STYLE ('',( #1558 ) ) ;
#1552 = CARTESIAN_POINT ( 'NONE',  ( 36.33589870223983098, 2.317658070085377719, 0.8303077171539563484 ) ) ;
#1553 = CARTESIAN_POINT ( 'NONE',  ( 97.45150291350852001, 24.46615010918741007, 15.98916401519896091 ) ) ;
#1554 = CARTESIAN_POINT ( 'NONE',  ( 114.7742955145043595, 9.479012252171056474, 8.631299263020187240 ) ) ;
#1555 = CARTESIAN_POINT ( 'NONE',  ( 100.7542073289755820, 24.66541763534302945, 14.81070273869353926 ) ) ;
#1556 = CARTESIAN_POINT ( 'NONE',  ( 34.00000000000001421, 3.755144079179971062, 1.431832351022682692 ) ) ;
#1557 = CARTESIAN_POINT ( 'NONE',  ( 35.97411067371570681, 5.993298687091154875, 1.792769504138620462 ) ) ;
#1558 = FILL_AREA_STYLE_COLOUR ( '', #228 ) ;
#1559 = CARTESIAN_POINT ( 'NONE',  ( 125.0000000000000000, 24.83611639190278453, 16.03728980434618379 ) ) ;
#1560 = PRODUCT_DEFINITION_FORMATION_WITH_SPECIFIED_SOURCE ( 'ANY', '', #518, .NOT_KNOWN. ) ;
#1561 = CARTESIAN_POINT ( 'NONE',  ( 55.95270571877600929, 28.55663389238198846, 6.747153115645544652 ) ) ;
#1562 = CARTESIAN_POINT ( 'NONE',  ( 43.11791416374688879, 13.30429760095688607, 4.638846056224715575 ) ) ;
#1563 = CARTESIAN_POINT ( 'NONE',  ( 123.5928907595341286, 24.84985237123660085, 17.05721437917935290 ) ) ;
#1564 = CARTESIAN_POINT ( 'NONE',  ( 97.41661627154283565, 1.351890447124590944, 4.165397440066985979 ) ) ;
#1565 = CARTESIAN_POINT ( 'NONE',  ( 36.37115523731922195, 7.323132630185718916, 3.198533570516691071 ) ) ;
#1566 = CARTESIAN_POINT ( 'NONE',  ( 35.01272692821058996, 26.75013686206493446, 0.6557989945065008097 ) ) ;
#1567 = B_SPLINE_CURVE_WITH_KNOTS ( 'NONE', 3,
 ( #550, #1643, #444, #695, #1226, #35, #323, #565, #1093, #1524 ),
 .UNSPECIFIED., .F., .F.,
 ( 4, 2, 2, 2, 4 ),
 ( 0.000000000000000000, 0.0005023347714214311879, 0.001004669542842862376, 0.001507004314264293564, 0.002009339085685724752 ),
 .UNSPECIFIED. ) ;
#1568 = CARTESIAN_POINT ( 'NONE',  ( 56.03395638518017563, 2.549211347554557250, -7.281081464722888974 ) ) ;
#1569 = CLOSED_SHELL ( 'NONE', ( #1092, #203, #1063, #1726, #916, #999, #349, #423, #1352, #170, #90, #220, #1694 ) ) ;
#1570 = CARTESIAN_POINT ( 'NONE',  ( 36.48990307090773655, 2.045032939336402400, 1.823619922670432603 ) ) ;
#1571 = CARTESIAN_POINT ( 'NONE',  ( 43.28814820349774095, 27.38539548915214539, 1.526737664426896401 ) ) ;
#1572 = CARTESIAN_POINT ( 'NONE',  ( 97.46771259816648580, 7.081638311446844192, 8.979636385490577410 ) ) ;
#1573 = CARTESIAN_POINT ( 'NONE',  ( 123.7020696358022462, 23.49709290544453211, 14.69425846916568190 ) ) ;
#1574 = CARTESIAN_POINT ( 'NONE',  ( 124.9999999999999432, 3.234091132930223100, -1.874317597089854237 ) ) ;
#1575 =( BOUNDED_SURFACE ( )  B_SPLINE_SURFACE ( 3, 2, ( 
 ( #1048, #20, #918 ),
 ( #1455, #1319, #1598 ),
 ( #559, #1095, #472 ),
 ( #1672, #294, #201 ),
 ( #1504, #1086, #839 ),
 ( #73, #734, #828 ),
 ( #961, #1496, #1634 ),
 ( #873, #426, #1228 ),
 ( #166, #952, #1542 ),
 ( #1001, #435, #340 ),
 ( #1360, #305, #567 ),
 ( #1371, #1263, #697 ),
 ( #37, #1626, #603 ),
 ( #1134, #977, #180 ),
 ( #337, #68, #700 ),
 ( #1242, #319, #1657 ),
 ( #1538, #870, #1109 ),
 ( #449, #1667, #1268 ),
 ( #986, #730, #712 ),
 ( #59, #51, #41 ),
 ( #571, #1638, #1260 ),
 ( #581, #198, #328 ),
 ( #297, #1401, #1520 ),
 ( #79, #1648, #599 ),
 ( #1130, #1099, #1119 ),
 ( #439, #207, #966 ),
 ( #843, #589, #479 ),
 ( #853, #468, #862 ),
 ( #996, #1385, #1508 ),
 ( #189, #609, #169 ),
 ( #721, #1375, #1231 ),
 ( #1529, #1251, #310 ),
 ( #458, #1393, #741 ),
 ( #1140, #1678, #1009 ),
 ( #831, #1363, #698 ),
 ( #1239, #1472, #552 ) ),
 .UNSPECIFIED., .F., .F., .T. ) 
 B_SPLINE_SURFACE_WITH_KNOTS ( ( 4, 2, 2, 2, 2, 2, 2, 2, 2, 2, 2, 2, 2, 2, 2, 2, 2, 4 ),
 ( 3, 3 ),
 ( 0.01080204786212981237, 0.01173080500705510690, 0.01219518357951775329, 0.01265956215198039969, 0.01451707644183098528, 0.01823210502153215992, 0.02194713360123333457, 0.02380464789108392015, 0.02566216218093450574, 0.02937719076063567691, 0.03309221934033684809, 0.03680724792003801926, 0.03866476220988861179, 0.03912914078235125992, 0.03924523542546692195, 0.03936133006858258399, 0.03959351935481390805, 0.04052227649973919738 ),
 ( 0.1565482066182410925, 1.000000000000000000 ),
 .UNSPECIFIED. ) 
 GEOMETRIC_REPRESENTATION_ITEM ( )  RATIONAL_B_SPLINE_SURFACE ( (
 ( 0.9095611284464264479, 0.7111468936398673835, 1.000000000000000000),
 ( 0.9097392114455613576, 0.7117156737076240081, 1.000000000000000000),
 ( 0.9099133480760257520, 0.7122718494512688681, 1.000000000000000000),
 ( 0.9101686591180426777, 0.7130872885020641538, 1.000000000000000000),
 ( 0.9102580400270839922, 0.7133727625773411685, 1.000000000000000000),
 ( 0.9104229587428525061, 0.7138994971830295855, 1.000000000000000000),
 ( 0.9105011097199420256, 0.7141491039296596899, 1.000000000000000000),
 ( 0.9108735879734290997, 0.7153387638482671118, 1.000000000000000000),
 ( 0.9111105017026854824, 0.7160954436415847280, 1.000000000000000000),
 ( 0.9117063698196052890, 0.7179985894194631513, 1.000000000000000000),
 ( 0.9119557243716474026, 0.7187950040109447603, 1.000000000000000000),
 ( 0.9125326271867313377, 0.7206375764285606333, 1.000000000000000000),
 ( 0.9128593909681864682, 0.7216812286955324174, 1.000000000000000000),
 ( 0.9135733114135704547, 0.7239614223202507359, 1.000000000000000000),
 ( 0.9138482089570069133, 0.7248394187833683278, 1.000000000000000000),
 ( 0.9144120975180880517, 0.7266404249183544550, 1.000000000000000000),
 ( 0.9147011771313344752, 0.7275637175561026071, 1.000000000000000000),
 ( 0.9155000454318250602, 0.7301152265057985202, 1.000000000000000000),
 ( 0.9159188045441370996, 0.7314527030612889558, 1.000000000000000000),
 ( 0.9163602606508065573, 0.7328626716460648893, 1.000000000000000000),
 ( 0.9164007953259249994, 0.7329921355217430268, 1.000000000000000000),
 ( 0.9160997037075567784, 0.7320304776884389852, 1.000000000000000000),
 ( 0.9157543725565475690, 0.7309275230188546635, 1.000000000000000000),
 ( 0.9149900039523211071, 0.7284862027995487876, 1.000000000000000000),
 ( 0.9146953837677520571, 0.7275452141068853296, 1.000000000000000000),
 ( 0.9142963608347298710, 0.7262707730205198997, 1.000000000000000000),
 ( 0.9142150088051332890, 0.7260109424183240900, 1.000000000000000000),
 ( 0.9141116243133113883, 0.7256807422389185414, 1.000000000000000000),
 ( 0.9140908625770189921, 0.7256144312388090878, 1.000000000000000000),
 ( 0.9140491749612666972, 0.7254812849810116093, 1.000000000000000000),
 ( 0.9140256352622462277, 0.7254061014336273816, 1.000000000000000000),
 ( 0.9139707798782463755, 0.7252308985833840760, 1.000000000000000000),
 ( 0.9139340832300203443, 0.7251136929985401158, 1.000000000000000000),
 ( 0.9137500679461718622, 0.7245259657807595621, 1.000000000000000000),
 ( 0.9136011492008278001, 0.7240503335504039351, 1.000000000000000000),
 ( 0.9134518470840864435, 0.7235734768684698448, 1.000000000000000000) ) ) 
 REPRESENTATION_ITEM ( '' )  SURFACE ( )  );
#1576 = CARTESIAN_POINT ( 'NONE',  ( 56.82136871372337339, 26.23583497181843072, 4.244760724173171518 ) ) ;
#1577 = CARTESIAN_POINT ( 'NONE',  ( 125.0000000000000000, 7.053457981256082476, 6.237393529224193323 ) ) ;
#1578 = CARTESIAN_POINT ( 'NONE',  ( 124.7640117291340971, 23.43636757067529786, 14.71397078766234401 ) ) ;
#1579 = CARTESIAN_POINT ( 'NONE',  ( 35.00000000000000711, 25.43786612632269239, -0.3101429117233375776 ) ) ;
#1580 = CARTESIAN_POINT ( 'NONE',  ( 36.17813031940945478, 2.202520884424805203, 1.420395295994949514 ) ) ;
#1581 = CARTESIAN_POINT ( 'NONE',  ( 117.9345933637396371, 23.90277178329777286, 14.76547601597971315 ) ) ;
#1582 = CARTESIAN_POINT ( 'NONE',  ( 114.9387047313084480, 1.845923279137126061, -0.2975347553534430922 ) ) ;
#1583 = CARTESIAN_POINT ( 'NONE',  ( 84.74037127040986661, 24.69421323284149494, 9.728388359140463848 ) ) ;
#1584 = CARTESIAN_POINT ( 'NONE',  ( 125.0000000000000000, 2.190693840786514635, -2.859689186629053026 ) ) ;
#1585 = VERTEX_POINT ( 'NONE', #262 ) ;
#1586 = CARTESIAN_POINT ( 'NONE',  ( 125.0000000000000000, 1.174353800268491232, -4.092868232791967209 ) ) ;
#1587 = CARTESIAN_POINT ( 'NONE',  ( 77.28841778471354473, 25.35188199406688625, 6.988823138211698982 ) ) ;
#1588 = CARTESIAN_POINT ( 'NONE',  ( 34.00000000000000711, 2.384064274920773663, 0.3524140935188856405 ) ) ;
#1589 = EDGE_CURVE ( 'NONE', #1614, #172, #97, .T. ) ;
#1590 = CARTESIAN_POINT ( 'NONE',  ( 36.34435743022162058, 2.667495845273558874, -0.4384387293479436454 ) ) ;
#1591 = CARTESIAN_POINT ( 'NONE',  ( 35.90751588059718102, 1.986062908774859359, 1.807893833951140783 ) ) ;
#1592 = CARTESIAN_POINT ( 'NONE',  ( 36.25699004460807373, 27.77708342782685236, 1.302947664915142356 ) ) ;
#1593 = VERTEX_POINT ( 'NONE', #1305 ) ;
#1594 = CARTESIAN_POINT ( 'NONE',  ( 124.9999999999999574, 23.42205040770150504, 14.71691046801885960 ) ) ;
#1595 = CARTESIAN_POINT ( 'NONE',  ( 43.40822425289957920, 27.91444134648908815, 2.822120039969790550 ) ) ;
#1596 = EDGE_CURVE ( 'NONE', #1224, #969, #1341, .T. ) ;
#1597 = CARTESIAN_POINT ( 'NONE',  ( 43.09301057278292291, 1.975675269390484434, 1.683728515363476452 ) ) ;
#1598 = CARTESIAN_POINT ( 'NONE',  ( 36.50575183491723408, 1.362813938315628359, 1.601592257536632813 ) ) ;
#1599 = CARTESIAN_POINT ( 'NONE',  ( 36.29766178575941638, 2.050754475113730102, 1.797444721679799517 ) ) ;
#1600 = CARTESIAN_POINT ( 'NONE',  ( 35.00000000000000711, 27.81715980123987819, -0.1993908300308229742 ) ) ;
#1601 = CARTESIAN_POINT ( 'NONE',  ( 97.41317104308245689, 2.133562045867341439, 2.444641177252428133 ) ) ;
#1602 = CARTESIAN_POINT ( 'NONE',  ( 53.70944891252679554, 27.58990189510894098, 5.531353638755399871 ) ) ;
#1603 = CARTESIAN_POINT ( 'NONE',  ( 75.75082236354032261, 2.167023416186345308, -7.608220746129221723 ) ) ;
#1604 = CARTESIAN_POINT ( 'NONE',  ( 35.00306157224178349, 1.226048726450624349, -0.2426778908348293518 ) ) ;
#1605 = CARTESIAN_POINT ( 'NONE',  ( 97.41114066659844184, 0.6694749188340144430, 1.411422945609881463 ) ) ;
#1606 = CARTESIAN_POINT ( 'NONE',  ( 35.00000000000000711, 25.90664630052681261, -0.4313559547877605094 ) ) ;
#1607 = FACE_OUTER_BOUND ( 'NONE', #1459, .T. ) ;
#1608 = ORIENTED_EDGE ( 'NONE', *, *, #689, .F. ) ;
#1609 = CARTESIAN_POINT ( 'NONE',  ( 97.41220405111245384, 2.154740931142462568, 1.829370855276202024 ) ) ;
#1610 = CARTESIAN_POINT ( 'NONE',  ( 75.75175537149600302, 2.134512703788129961, -7.580549470756761110 ) ) ;
#1611 = CARTESIAN_POINT ( 'NONE',  ( 35.00000000000000711, 4.290898155909273370, -3.590657737991402916E-11 ) ) ;
#1612 = CARTESIAN_POINT ( 'NONE',  ( 43.09041821538109218, 1.910941074791558725, 1.914477539773068226 ) ) ;
#1613 = CARTESIAN_POINT ( 'NONE',  ( 35.00000000000002132, 12.76867852744986287, 4.194459832032846336 ) ) ;
#1614 = VERTEX_POINT ( 'NONE', #381 ) ;
#1615 = ORIENTED_EDGE ( 'NONE', *, *, #689, .T. ) ;
#1616 = CARTESIAN_POINT ( 'NONE',  ( 56.05226134918817138, 7.006430558222059624, -7.218976787989400457 ) ) ;
#1617 = CARTESIAN_POINT ( 'NONE',  ( 35.05252977677422166, 1.818210160236143347, 2.545411743073850985 ) ) ;
#1618 = DIRECTION ( 'NONE',  ( 0.000000000000000000, 0.000000000000000000, 1.000000000000000000 ) ) ;
#1619 = CARTESIAN_POINT ( 'NONE',  ( 114.9458303386352895, 1.119404919643685492, -1.216181511734862886 ) ) ;
#1620 = FACE_OUTER_BOUND ( 'NONE', #968, .T. ) ;
#1621 = CARTESIAN_POINT ( 'NONE',  ( 40.32438669846758472, 26.01660701183439528, 1.552762841330674881 ) ) ;
#1622 = ORIENTED_EDGE ( 'NONE', *, *, #1543, .T. ) ;
#1623 = CARTESIAN_POINT ( 'NONE',  ( 56.03767017184719634, 3.518584875486661989, -7.165421181832992481 ) ) ;
#1624 = CARTESIAN_POINT ( 'NONE',  ( 34.96760532427654766, 0.8111209886535465374, 1.756592999713360692 ) ) ;
#1625 = CARTESIAN_POINT ( 'NONE',  ( 36.02748682473922770, 18.43110232960900063, 2.647337800717353584 ) ) ;
#1626 = CARTESIAN_POINT ( 'NONE',  ( 35.18911339323469889, 10.37349051957095369, 3.368869587414733413 ) ) ;
#1627 = CARTESIAN_POINT ( 'NONE',  ( 34.00000000000000711, 2.181133139284372913, 0.9692713406115167629 ) ) ;
#1628 = CARTESIAN_POINT ( 'NONE',  ( 114.7198826423725819, 24.71731575139581238, 16.39275884493821778 ) ) ;
#1629 = CARTESIAN_POINT ( 'NONE',  ( 37.18348737362723000, 28.39987082315320777, 2.252537256936306687 ) ) ;
#1630 = VERTEX_POINT ( 'NONE', #30 ) ;
#1631 = CARTESIAN_POINT ( 'NONE',  ( 36.20336011241864327, 6.180239401891398643, 2.171433130319634142 ) ) ;
#1632 = CARTESIAN_POINT ( 'NONE',  ( 110.7372769893024440, 24.29921224138045233, 17.98141266804571714 ) ) ;
#1633 = CARTESIAN_POINT ( 'NONE',  ( 124.9999999999999147, 14.54172720906992566, 10.74639213975284235 ) ) ;
#1634 = CARTESIAN_POINT ( 'NONE',  ( 36.47478850494562863, 2.671052466955957883, 2.022501544532292250 ) ) ;
#1635 = CARTESIAN_POINT ( 'NONE',  ( 43.08155340431533631, 1.742596963855271186, 2.543141514925008284 ) ) ;
#1636 = CARTESIAN_POINT ( 'NONE',  ( 36.03838928544066533, 18.31512085464690998, 3.708238600902063808 ) ) ;
#1637 = CARTESIAN_POINT ( 'NONE',  ( 71.65251834929787833, 25.76472041339756913, 4.989380487810759490 ) ) ;
#1638 = CARTESIAN_POINT ( 'NONE',  ( 35.20818001919552387, 21.02570698380110770, 2.969400395598317477 ) ) ;
#1639 = CARTESIAN_POINT ( 'NONE',  ( 35.00000000000001421, 23.49443964735500145, 3.260516641084082234 ) ) ;
#1640 = ORIENTED_EDGE ( 'NONE', *, *, #295, .F. ) ;
#1641 = VERTEX_POINT ( 'NONE', #701 ) ;
#1642 = CARTESIAN_POINT ( 'NONE',  ( 114.8574143485208339, 4.781849733173558548, 2.594558280949291529 ) ) ;
#1643 = CARTESIAN_POINT ( 'NONE',  ( 125.0000000000000284, 23.58674501016403724, 14.75846996848421711 ) ) ;
#1644 = CARTESIAN_POINT ( 'NONE',  ( 33.99999999999998579, 16.31882178901293656, 1.987585906649781409 ) ) ;
#1645 = B_SPLINE_CURVE_WITH_KNOTS ( 'NONE', 3,
 ( #1396, #1389, #735, #1255, #874, #1002, #1406, #202, #194, #604, #1264, #74, #1673, #725, #593, #211, #1135, #473 ),
 .UNSPECIFIED., .F., .F.,
 ( 4, 2, 2, 2, 2, 2, 2, 2, 4 ),
 ( -0.0001366467364980542270, 0.002409072866861002634, 0.004954792470220059468, 0.007500512073579115868, 0.01004623167693817314, 0.01259195128029723040, 0.01513767088365628594, 0.01768339048701534494, 0.02022911009037440047 ),
 .UNSPECIFIED. ) ;
#1646 = CARTESIAN_POINT ( 'NONE',  ( 55.94920521994050233, 27.31550019229029402, 7.252244373373062380 ) ) ;
#1647 = CARTESIAN_POINT ( 'NONE',  ( 73.51877583059869892, 25.80254593717924649, 6.351206223039524978 ) ) ;
#1648 = CARTESIAN_POINT ( 'NONE',  ( 35.29785616853526875, 26.21996468153414028, 1.676347935557402247 ) ) ;
#1649 =( GEOMETRIC_REPRESENTATION_CONTEXT ( 3 ) GLOBAL_UNCERTAINTY_ASSIGNED_CONTEXT ( ( #814 ) ) GLOBAL_UNIT_ASSIGNED_CONTEXT ( ( #302, #1671, #1368 ) ) REPRESENTATION_CONTEXT ( 'NONE', 'WORKASPACE' ) );
#1650 = CARTESIAN_POINT ( 'NONE',  ( 36.45664779426546431, 27.77821463167437344, 1.326582381565040158 ) ) ;
#1651 = CARTESIAN_POINT ( 'NONE',  ( 65.78595590280477268, 26.56633935525895751, 6.347286917666070671 ) ) ;
#1652 = CARTESIAN_POINT ( 'NONE',  ( 43.07276345004366647, 10.84099047131470783, 3.491368737866067828 ) ) ;
#1653 = CARTESIAN_POINT ( 'NONE',  ( 35.00000000000002132, 29.21649916663904278, 1.409980384994016678 ) ) ;
#1654 = CARTESIAN_POINT ( 'NONE',  ( 34.00000000000000711, 11.83718155169887076, 1.880642307998023899 ) ) ;
#1655 = CARTESIAN_POINT ( 'NONE',  ( 75.77990676841474738, 17.54846573054069836, 1.535321069760970936 ) ) ;
#1656 = CARTESIAN_POINT ( 'NONE',  ( 84.76661988585682650, 24.66420102092429545, 8.779910352811294061 ) ) ;
#1657 = CARTESIAN_POINT ( 'NONE',  ( 36.28065664003099045, 13.92065278020633556, 3.809415266256333865 ) ) ;
#1658 = CARTESIAN_POINT ( 'NONE',  ( 36.27206919404345342, 16.02625084845497838, 3.763592515398258787 ) ) ;
#1659 = CARTESIAN_POINT ( 'NONE',  ( 67.74241424121009914, 26.31315845649303498, 4.899989951212124772 ) ) ;
#1660 = ADVANCED_BREP_SHAPE_REPRESENTATION ( 'single blade fan', ( #1342, #134 ), #1730 ) ;
#1661 = CARTESIAN_POINT ( 'NONE',  ( 36.21043459601352055, 7.749781714456657866, 2.496358482291041181 ) ) ;
#1662 = CARTESIAN_POINT ( 'NONE',  ( 36.30653418863670368, 2.097922614992742130, 1.626705860497470901 ) ) ;
#1663 = CARTESIAN_POINT ( 'NONE',  ( 114.8330966758832687, 12.63646315163105527, 8.938333492251929968 ) ) ;
#1664 = CARTESIAN_POINT ( 'NONE',  ( 55.92631648341360062, 25.43980202077870345, 3.891168274673594496 ) ) ;
#1665 = CARTESIAN_POINT ( 'NONE',  ( 43.28489295447075591, 27.71372012098316517, 2.474343993552474696 ) ) ;
#1666 = CARTESIAN_POINT ( 'NONE',  ( 74.97103133088600657, 25.63411567551358772, 6.551910911481496846 ) ) ;
#1667 = CARTESIAN_POINT ( 'NONE',  ( 35.16289333601690714, 16.30474163106990559, 3.507954240384473898 ) ) ;
#1668 = CARTESIAN_POINT ( 'NONE',  ( 34.98252045524920106, 18.47404218150451882, 1.115325627376396733 ) ) ;
#1669 = CARTESIAN_POINT ( 'NONE',  ( 57.27047173278083392, 27.70775252618615525, 4.997165590304784466 ) ) ;
#1670 = EDGE_CURVE ( 'NONE', #1066, #1585, #1112, .T. ) ;
#1671 =( NAMED_UNIT ( * ) PLANE_ANGLE_UNIT ( ) SI_UNIT ( $, .RADIAN. ) );
#1672 = CARTESIAN_POINT ( 'NONE',  ( 34.94073253786236677, 1.788736134083394713, 2.664267946771444073 ) ) ;
#1673 = CARTESIAN_POINT ( 'NONE',  ( 35.00000000000002132, 18.42599206418679358, 1.383591074703889978 ) ) ;
#1674 = CARTESIAN_POINT ( 'NONE',  ( 35.98573494963326169, 4.247282697232797943, 1.334705568242502860 ) ) ;
#1675 = CARTESIAN_POINT ( 'NONE',  ( 114.9495755462864537, 18.44496912491212370, 11.18208962340958479 ) ) ;
#1676 = CARTESIAN_POINT ( 'NONE',  ( 43.31881542874175040, 21.67166025160486598, 4.024107533597211628 ) ) ;
#1677 = CARTESIAN_POINT ( 'NONE',  ( 73.55136001876775254, 24.35856891306215743, 4.892903126991587470 ) ) ;
#1678 = CARTESIAN_POINT ( 'NONE',  ( 35.33158365737270401, 28.48570356586272467, 0.8749515758723627190 ) ) ;
#1679 = CARTESIAN_POINT ( 'NONE',  ( 35.00443155413069718, 23.46775547635399306, 0.2392785222858603289 ) ) ;
#1680 = CARTESIAN_POINT ( 'NONE',  ( 62.01640384111404813, 27.13246203668478174, 5.046823237395364536 ) ) ;
#1681 = CARTESIAN_POINT ( 'NONE',  ( 75.75082700537095093, 2.166861671348543350, -7.608083078092542806 ) ) ;
#1682 = CARTESIAN_POINT ( 'NONE',  ( 123.9940654399704556, 24.86999934522935263, 16.18186275170811683 ) ) ;
#1683 = CARTESIAN_POINT ( 'NONE',  ( 34.00000000000000711, 26.99255743121034712, 0.1669363491149421785 ) ) ;
#1684 = CARTESIAN_POINT ( 'NONE',  ( 56.06029491430635403, 8.502893742600903693, -6.230251531247928298 ) ) ;
#1685 = CARTESIAN_POINT ( 'NONE',  ( 106.4952865832961777, 24.38181759383059699, 14.85588629393022764 ) ) ;
#1686 = CARTESIAN_POINT ( 'NONE',  ( 124.9999999999998010, 4.562924939589430018, 0.8636665275912404072 ) ) ;
#1687 = CARTESIAN_POINT ( 'NONE',  ( 36.30394506999778059, 20.36799742912689126, 3.292508397713238111 ) ) ;
#1688 = CARTESIAN_POINT ( 'NONE',  ( 35.01190419551389965, 26.04230026356695404, 0.6389828302390280212 ) ) ;
#1689 = CARTESIAN_POINT ( 'NONE',  ( 36.32542196128729728, 2.221141473063818150, 1.180023825192820341 ) ) ;
#1690 = CARTESIAN_POINT ( 'NONE',  ( 36.25723018468168846, 27.77812139640525757, 1.309419048299054644 ) ) ;
#1691 = CARTESIAN_POINT ( 'NONE',  ( 125.0000000000005258, 10.16367791066963022, 9.177319860769600268 ) ) ;
#1692 = CARTESIAN_POINT ( 'NONE',  ( 112.1057179940800239, 24.64511851228972716, 16.69068341954182344 ) ) ;
#1693 = CARTESIAN_POINT ( 'NONE',  ( 75.74827196911087412, 4.227406056100660336, -5.518523191514633552 ) ) ;
#1694 = ADVANCED_FACE ( 'NONE', ( #1620 ), #783, .T. ) ;
#1695 = CARTESIAN_POINT ( 'NONE',  ( 35.00361879018102229, 3.536028115673464089, 0.8492164681407146087 ) ) ;
#1696 = B_SPLINE_CURVE_WITH_KNOTS ( 'NONE', 3,
 ( #256, #374, #631, #1443, #263, #524, #1179, #793 ),
 .UNSPECIFIED., .F., .F.,
 ( 4, 1, 1, 1, 1, 4 ),
 ( 0.02431439572386400946, 0.06529055286195016572, 0.2354486167818587439, 0.4509168125772553548, 0.6769853571174412332, 1.000000000000000000 ),
 .UNSPECIFIED. ) ;
#1697 = CARTESIAN_POINT ( 'NONE',  ( 34.99652621312590384, 26.91738247124645866, -0.4933895277467533202 ) ) ;
#1698 = CARTESIAN_POINT ( 'NONE',  ( 82.87365689331025465, 23.91834326979255465, 7.406796620727935654 ) ) ;
#1699 = CARTESIAN_POINT ( 'NONE',  ( 35.98844175214024688, 2.296704115191809059, 0.7318817503514342127 ) ) ;
#1700 = EDGE_CURVE ( 'NONE', #43, #390, #404, .T. ) ;
#1701 = CARTESIAN_POINT ( 'NONE',  ( 35.98478750875542431, 22.97140959796602644, 1.744752369673981063 ) ) ;
#1702 = CARTESIAN_POINT ( 'NONE',  ( 43.17076672538179594, 14.98757089405455822, 4.634287225978603431 ) ) ;
#1703 = CARTESIAN_POINT ( 'NONE',  ( 110.1862441853394046, 24.62055900557356836, 16.59221331750610773 ) ) ;
#1704 = CARTESIAN_POINT ( 'NONE',  ( 34.00000000000002842, 6.131249809517734128, 2.035395285913550900 ) ) ;
#1705 = CARTESIAN_POINT ( 'NONE',  ( 35.00971503999869583, 2.420194059793177033, 0.4956241640538544546 ) ) ;
#1706 = CARTESIAN_POINT ( 'NONE',  ( 36.29766178575941638, 2.050754475113730102, 1.797444721679799517 ) ) ;
#1707 =( BOUNDED_SURFACE ( )  B_SPLINE_SURFACE ( 3, 2, ( 
 ( #871, #1025, #1279 ),
 ( #1679, #69, #1131 ),
 ( #227, #987, #338 ),
 ( #1668, #469, #480 ),
 ( #1539, #1530, #757 ),
 ( #1402, #237, #1414 ),
 ( #329, #1287, #199 ),
 ( #863, #1394, #88 ),
 ( #488, #1010, #362 ),
 ( #766, #1550, #622 ),
 ( #732, #1152, #208 ),
 ( #742, #1018, #1557 ),
 ( #629, #356, #95 ),
 ( #1159, #1695, #895 ),
 ( #496, #1295, #1431 ),
 ( #504, #1705, #1167 ),
 ( #637, #1033, #104 ),
 ( #186, #325, #1417 ),
 ( #475, #1408, #718 ),
 ( #1397, #1517, #343 ),
 ( #1274, #464, #1257 ),
 ( #1116, #222, #213 ) ),
 .UNSPECIFIED., .F., .F., .F. ) 
 B_SPLINE_SURFACE_WITH_KNOTS ( ( 4, 2, 2, 2, 2, 2, 2, 2, 2, 2, 4 ),
 ( 3, 3 ),
 ( -3.469446951953614189E-18, 0.006090782386856307719, 0.009136173580284463747, 0.01218156477371261891, 0.01522695596714077407, 0.01827234716056893096, 0.02131773835399708439, 0.02284043395071116284, 0.02322110784988968418, 0.02360178174906820206, 0.02436312954742524128 ),
 ( 0.000000000000000000, 1.000000000000000000 ),
 .UNSPECIFIED. ) 
 GEOMETRIC_REPRESENTATION_ITEM ( )  RATIONAL_B_SPLINE_SURFACE ( (
 ( 1.000000000000000000, 0.7651706090945661343, 1.000000000000000000),
 ( 1.000000000000000000, 0.7646778484911470608, 1.000000000000000000),
 ( 1.000000000000000000, 0.7650153351050049677, 1.000000000000000000),
 ( 1.000000000000000000, 0.7685095038964194769, 1.000000000000000000),
 ( 1.000000000000000000, 0.7701833749654191097, 1.000000000000000000),
 ( 1.000000000000000000, 0.7745893804380309389, 1.000000000000000000),
 ( 1.000000000000000000, 0.7773840223612457079, 1.000000000000000000),
 ( 1.000000000000000000, 0.7831334928447583055, 1.000000000000000000),
 ( 1.000000000000000000, 0.7858964796616407789, 1.000000000000000000),
 ( 1.000000000000000000, 0.7896487070007343068, 1.000000000000000000),
 ( 1.000000000000000000, 0.7907634568592737390, 1.000000000000000000),
 ( 1.000000000000000000, 0.7926834408031196988, 1.000000000000000000),
 ( 1.000000000000000000, 0.7934904966724817266, 1.000000000000000000),
 ( 1.000000000000000000, 0.7954732246127201867, 1.000000000000000000),
 ( 1.000000000000000000, 0.7962738472710297888, 1.000000000000000000),
 ( 1.000000000000000000, 0.7975037209377330294, 1.000000000000000000),
 ( 1.000000000000000000, 0.7977878921529814038, 1.000000000000000000),
 ( 1.000000000000000000, 0.7983524679467984830, 1.000000000000000000),
 ( 1.000000000000000000, 0.7986370733495813390, 1.000000000000000000),
 ( 1.000000000000000000, 0.7994977592948150358, 1.000000000000000000),
 ( 1.000000000000000000, 0.8000807096815986119, 1.000000000000000000),
 ( 1.000000000000000000, 0.8006725962826379828, 1.000000000000000000) ) ) 
 REPRESENTATION_ITEM ( '' )  SURFACE ( )  );
#1708 = PRESENTATION_STYLE_ASSIGNMENT (( #1160 ) ) ;
#1709 = CARTESIAN_POINT ( 'NONE',  ( 85.49778112724918344, 23.97712960586592601, 8.497031225310275104 ) ) ;
#1710 = CARTESIAN_POINT ( 'NONE',  ( 36.42646852914739242, 2.048340305445504494, 1.810457264096597907 ) ) ;
#1711 = CARTESIAN_POINT ( 'NONE',  ( 75.75081772170969430, 2.167185161024147266, -7.608358414165900641 ) ) ;
#1712 = CARTESIAN_POINT ( 'NONE',  ( 75.73632288046434269, 8.178215270148070815, -3.576662180395401069 ) ) ;
#1713 = CARTESIAN_POINT ( 'NONE',  ( 36.29851151929909747, 2.055075861190477138, 1.781808951907283722 ) ) ;
#1714 = CARTESIAN_POINT ( 'NONE',  ( 97.41499302631952162, 1.143985270884870342, 3.680713232345862007 ) ) ;
#1715 = CARTESIAN_POINT ( 'NONE',  ( 117.2016264952115279, 24.72090653263486359, 16.87561165735490931 ) ) ;
#1716 = CARTESIAN_POINT ( 'NONE',  ( 125.0000000000000000, 11.98083759091560907, 10.36488951272984771 ) ) ;
#1717 = ORIENTED_EDGE ( 'NONE', *, *, #889, .T. ) ;
#1718 = CARTESIAN_POINT ( 'NONE',  ( 79.30461119168403172, 23.94244700888217992, 6.129243439256070403 ) ) ;
#1719 = CARTESIAN_POINT ( 'NONE',  ( 52.84294224274420770, 27.64102325192438414, 5.374182715914111341 ) ) ;
#1720 = CARTESIAN_POINT ( 'NONE',  ( 36.12208520794700917, 25.82476906594898836, 0.8779442407048564379 ) ) ;
#1721 = CARTESIAN_POINT ( 'NONE',  ( 36.18579288967406882, 2.444237215999448765, 2.157185276257477913 ) ) ;
#1722 = CARTESIAN_POINT ( 'NONE',  ( 37.33969291861239270, 27.83317785036752312, 1.453776214127715516 ) ) ;
#1723 = B_SPLINE_SURFACE_WITH_KNOTS ( 'NONE', 3, 3, ( 
 ( #1277, #86, #1150, #1429, #486, #1138, #699, #1240 ),
 ( #597, #178, #1665, #1646, #205, #975, #1266, #719 ),
 ( #317, #447, #587, #830, #1518, #851, #710, #49 ),
 ( #1007, #868, #477, #1230, #1383, #579, #738, #1399 ),
 ( #39, #466, #1107, #187, #456, #77, #335, #607 ),
 ( #984, #1249, #1676, #1391, #1547, #1362, #57, #168 ),
 ( #728, #994, #1258, #569, #1655, #1097, #1117, #1527 ),
 ( #1536, #1636, #437, #964, #326, #1506, #308, #860 ),
 ( #66, #196, #841, #1127, #1373, #110, #1410, #353 ),
 ( #1164, #1014, #1702, #224, #1437, #754, #772, #1691 ),
 ( #92, #1284, #1562, #345, #626, #1156, #1554, #884 ),
 ( #763, #501, #1428, #243, #1292, #101, #234, #1030 ),
 ( #1419, #1301, #493, #368, #634, #1572, #644, #901 ),
 ( #878, #85, #1173, #1684, #1712, #215, #748, #1022 ),
 ( #1276, #359, #619, #1149, #485, #892, #1032, #1686 ),
 ( #1704, #245, #886, #487, #781, #347, #903, #361 ),
 ( #1175, #1446, #1182, #370, #1041, #1024, #94, #119 ),
 ( #1549, #355, #1166, #628, #252, #621, #226, #1574 ),
 ( #1413, #1151, #503, #1158, #1693, #1564, #765, #1430 ),
 ( #1556, #750, #1421, #910, #217, #1714, #636, #87 ),
 ( #1439, #1311, #1294, #103, #774, #512, #1582, #646 ),
 ( #1303, #894, #495, #236, #112, #378, #652, #1016 ),
 ( #756, #1721, #1278, #1286, #520, #880, #395, #150 ),
 ( #417, #1196, #1488, #931, #1729, #536, #666, #803 ),
 ( #7, #133, #924, #1464, #796, #1219, #1077, #688 ) ),
 .UNSPECIFIED., .F., .F., .F.,
 ( 4, 1, 1, 1, 1, 1, 1, 1, 1, 1, 1, 1, 1, 1, 1, 1, 1, 1, 1, 1, 1, 1, 4 ),
 ( 4, 1, 1, 1, 1, 4 ),
 ( 0.000000000000000000, 0.06250000000000000000, 0.1250000000000000000, 0.1875000000000000000, 0.2500000000000000000, 0.3125000000000000000, 0.3750000000000000000, 0.4375000000000000000, 0.5000000000000000000, 0.5625000000000000000, 0.6250000000000000000, 0.6875000000000000000, 0.7500000000000000000, 0.8125000000000000000, 0.8437500000000000000, 0.8750000000000000000, 0.9062500000000000000, 0.9218750000000000000, 0.9375000000000000000, 0.9531250000000000000, 0.9687500000000000000, 0.9843750000000000000, 1.000000000000000000 ),
 ( 0.000000000000000000, 0.06529055286195016572, 0.2354486167818587439, 0.4509168125772553548, 0.6769853571174412332, 1.000000000000000000 ),
 .UNSPECIFIED. ) ;
#1724 = CARTESIAN_POINT ( 'NONE',  ( 125.0000000000000000, 3.616151203514138324, -1.243350810020002140 ) ) ;
#1725 = CARTESIAN_POINT ( 'NONE',  ( 124.1740950536749040, 23.47292942099112878, 14.70792806848837664 ) ) ;
#1726 = ADVANCED_FACE ( 'NONE', ( #1422 ), #1707, .F. ) ;
#1727 = CARTESIAN_POINT ( 'NONE',  ( 39.96039456669906542, 27.90101230713932878, 1.956270070009262341 ) ) ;
#1728 = CARTESIAN_POINT ( 'NONE',  ( 43.09041821538109218, 1.910941074791558725, 1.914477539773068226 ) ) ;
#1729 = CARTESIAN_POINT ( 'NONE',  ( 75.75058661140189997, 2.411860503242925002, -6.332819735687415630 ) ) ;
#1730 =( GEOMETRIC_REPRESENTATION_CONTEXT ( 3 ) GLOBAL_UNCERTAINTY_ASSIGNED_CONTEXT ( ( #731 ) ) GLOBAL_UNIT_ASSIGNED_CONTEXT ( ( #992, #1004, #1125 ) ) REPRESENTATION_CONTEXT ( 'NONE', 'WORKASPACE' ) );
#1731 = CARTESIAN_POINT ( 'NONE',  ( 86.35961182902319422, 24.61662659130743691, 10.43511172765736283 ) ) ;
ENDSEC;
END-ISO-10303-21;
